Gameboy sealed James Bond 007 Nintendo Wata VGA;129,00 EUR;Env√≠o no especificado;Vendidos  14 sep 2021Art√≠culo vendido;desde Alemania;
James Bond 007: Nightfire Juego De Gba Cartucho s√≥lo Nintendo Gameboy Advance;11,64 EUR;+ 16,64 EUR de env√≠o estimado;Vendidos  11 sep 2021Art√≠culo vendido;desde Reino Unido;
James Bond 007 Game Boy EUR ;15,00 EUR;Env√≠o internacional gratis;Vendidos  6 sep 2021Art√≠culo vendido;desde Francia;
Nintendo Game Boy Juego de James Bond 007;5,27 EUR;+ 18,66 EUR de env√≠o estimado;Vendidos  26 ago 2021Art√≠culo vendido;desde Reino Unido;
James Bond 007 Legends Xbox 360 juego 16+ chicos pistola Shooter De Acci√≥n -;4,67 EUR;+ 18,80 EUR de env√≠o estimado;Vendidos  25 ago 2021Art√≠culo vendido;desde Reino Unido;
James Bond 007 Nintendo Gameboy-PAL;8,72 EUR;Env√≠o no especificado;Vendidos  20 ago 2021Art√≠culo vendido;desde Reino Unido;
James Bond 007 Legends Xbox 360 juego 16+ chicos pistola Shooter Skyfall Etc -;4,67 EUR;+ 18,80 EUR de env√≠o estimado;Vendidos  12 ago 2021Art√≠culo vendido;desde Reino Unido;
Nintendo GameBoy Juego de James Bond 007-Raro;9,93 EUR;+ 18,39 EUR de env√≠o estimado;Vendidos  6 ago 2021Art√≠culo vendido;desde Reino Unido;
James Bond 007 todo o nada, GBA Gameboy Advance CIB Probado en Caja;8,19 EUR;+ 18,91 EUR de env√≠o estimado;Vendidos  23 jul 2021Art√≠culo vendido;desde Reino Unido;
James Bond 007 Notice - Instruction Booklet Game Boy NFAH;8,00 EUR;Env√≠o internacional gratis;Vendidos  22 jul 2021Art√≠culo vendido;desde Francia;
James Bond 007 el mundo no es suficiente-Gameboy Colour en Caja;70,19 EUR;+¬†30,42 EUR de env√≠o;Vendidos  18 jul 2021Art√≠culo vendido;desde Reino Unido;
Nintendo Game Boy Juego de James Bond 007;7,59 EUR;+ 17,73 EUR de env√≠o estimado;Vendidos  12 jul 2021Art√≠culo vendido;desde Reino Unido;
James Bond 007 Nintendo Game Boy solo carro;10,47 EUR;+ 16,61 EUR de env√≠o estimado;Vendidos  7 jul 2021Art√≠culo vendido;desde Reino Unido;
Nintendo Gameboy Juego: James Bond 007 (en Caja);40,94 EUR;+ 17,16 EUR de env√≠o estimado;Vendidos  29 jun 2021Art√≠culo vendido;desde Reino Unido;
James Bond 007 todo o nada Nintendo Gameboy Advance Juego. MBC. probado;9,89 EUR;+ 16,60 EUR de env√≠o estimado;Vendidos  28 jun 2021Art√≠culo vendido;desde Reino Unido;
James Bond 007 (Nintendo Game Boy, 1998) Aut√©ntico! probado Y Funcionando!;10,07 EUR;+¬†3,60 EUR de env√≠o;Vendidos  15 sep 2021Art√≠culo vendido;desde Estados Unidos;
James Bond 007 Nintendo Game Boy Completo en Caja Completo en Caja Aut√©ntica buenas condiciones!;33,84 EUR;+¬†5,06 EUR de env√≠o;Vendidos  13 sep 2021Art√≠culo vendido;desde Estados Unidos;
James Bond 007-Nintendo Game Boy Cartucho De Juego-aut√©ntico y probado!!!;13,50 EUR;Env√≠o gratis;Vendidos  13 sep 2021Art√≠culo vendido;desde Estados Unidos;
James Bond 007 (Nintendo Game Boy, 1998);9,31 EUR;Env√≠o gratis;Vendidos  12 sep 2021Art√≠culo vendido;desde Estados Unidos;
James Bond 007: todo o nada (Nintendo Game Boy Advance, 2003);6,77 EUR;Env√≠o gratis;Vendidos  11 sep 2021Art√≠culo vendido;desde Estados Unidos;
James Bond 007 (1998), Nintendo Game Boy probado los jugadores Gameboy Original Choice;8,38 EUR;+¬†3,55 EUR de env√≠o;Vendidos  8 sep 2021Art√≠culo vendido;desde Estados Unidos;
James Bond 007 (Nintendo Game Boy, 1998);11,00 EUR;Env√≠o gratis;Vendidos  8 sep 2021Art√≠culo vendido;desde Estados Unidos;
James Bond 007: el mundo no es suficiente (Game Boy Color, 2001) - Caja Original;9,30 EUR;+¬†6,85 EUR de env√≠o;Vendidos  5 sep 2021Art√≠culo vendido;desde Estados Unidos;
James Bond 007 (Nintendo Game Boy, 1998) Aut√©ntico! probado Y Funcionando!;10,07 EUR;+¬†4,15 EUR de env√≠o;Vendidos  4 sep 2021Art√≠culo vendido;desde Estados Unidos;
James Bond 007 (Nintendo Game Boy, 1998);8,45 EUR;+¬†3,51 EUR de env√≠o;Vendidos  3 sep 2021Art√≠culo vendido;desde Estados Unidos;
James Bond 007-aut√©ntico-Nintendo Game Boy-Solo Manual!;6,72 EUR;Env√≠o gratis;Vendidos  2 sep 2021Art√≠culo vendido;desde Estados Unidos;
James Bond 007: Nightfire Game Boy Advance Para GBA Gameboy Advance Juego s√≥lo 1E;10,23 EUR;Env√≠o gratis;Vendidos  2 sep 2021Art√≠culo vendido;desde Estados Unidos;
James Bond 007: todo o nada (Nintendo GameBoy Advance GBA) probado;9,30 EUR;Env√≠o gratis;Vendidos  1 sep 2021Art√≠culo vendido;desde Estados Unidos;
James Bond 007: todo o nada (Nintendo Game Boy Advance, 2003) GBA;7,61 EUR;Env√≠o gratis;Vendidos  1 sep 2021Art√≠culo vendido;desde Estados Unidos;
James Bond 007 (Nintendo Game Boy, 1998);9,31 EUR;Env√≠o gratis;Vendidos  30 ago 2021Art√≠culo vendido;desde Estados Unidos;
James Bond 007: todo o nada Juego Boy Advance * Aut√©ntico y ahorra *;10,13 EUR;Env√≠o gratis;Vendidos  30 ago 2021Art√≠culo vendido;desde Estados Unidos;
James Bond 007 Nintendo Juego Original Boy probado y funciona;8,46 EUR;+¬†3,64 EUR de env√≠o;Vendidos  29 ago 2021Art√≠culo vendido;desde Estados Unidos;
James Bond 007 Nintendo Juego Original Boy-limpiado & probado-Env√≠o Gratuito;14,34 EUR;Env√≠o gratis;Vendidos  26 ago 2021Art√≠culo vendido;desde Estados Unidos;
James Bond 007 (Nintendo Game Boy, 1998);8,88 EUR;+¬†3,64 EUR de env√≠o;Vendidos  24 ago 2021Art√≠culo vendido;desde Estados Unidos;
James Bond 007 (Nintendo Game Boy, 1998);8,46 EUR;+¬†3,60 EUR de env√≠o;Vendidos  21 ago 2021Art√≠culo vendido;desde Estados Unidos;
James Bond 007 PLC Nintendo Game Boy Original Excelente Estado Cartucho Aut√©ntico;10,58 EUR;Env√≠o gratis;Vendidos  20 ago 2021Art√≠culo vendido;desde Estados Unidos;
James Bond 007 (Nintendo Game Boy, 1998) s√≥lo juego;10,15 EUR;+¬†5,92 EUR de env√≠o;Vendidos  19 ago 2021Art√≠culo vendido;desde Canad√°;
James Bond 007 ORIGINAL NINTENDO GAMEBOY probado + trabajo & Aut√©ntico! muy Bueno!;23,68 EUR;Env√≠o gratis;Vendidos  19 ago 2021Art√≠culo vendido;desde Estados Unidos;
James Bond 007: todo o nada (Nintendo Game Boy Advance, 2003) Completo En Caja;14,81 EUR;Env√≠o gratis;Vendidos  19 ago 2021Art√≠culo vendido;desde Estados Unidos;
James Bond 007 (Nintendo Game Boy, 1998), trabajando, probado, aut√©ntico;10,99 EUR;Env√≠o gratis;Vendidos  19 ago 2021Art√≠culo vendido;desde Estados Unidos;
James Bond 007: todo o nada Game Boy Advance Nuevo Juego Boy Advance;20,30 EUR;Env√≠o gratis;Vendidos  18 ago 2021Art√≠culo vendido;desde Estados Unidos;
James Bond 007: el mundo no es suficiente Game Boy Color Nuevo Juego Boy Color, juego Boy Color;17,65 EUR;Env√≠o gratis;Vendidos  18 ago 2021Art√≠culo vendido;desde Estados Unidos;
‚≠ê juego de James Bond 007 Nintendo Original Boy contactos limpiado & probado con Manual ‚≠ê üëÄ;18,57 EUR;+¬†2,64 EUR de env√≠o;Vendidos  17 ago 2021Art√≠culo vendido;desde Estados Unidos;
James Bond 007!!! aut√©ntico!!!! probado! (Nintendo Game Boy, 1998);12,69 EUR;Env√≠o gratis;Vendidos  16 ago 2021Art√≠culo vendido;desde Estados Unidos;
James Bond 007 (Nintendo Game Boy, 1998) Completo en Caja y aut√©ntico-Completo En Caja;38,03 EUR;+¬†4,19 EUR de env√≠o;Vendidos  6 ago 2021Art√≠culo vendido;desde Estados Unidos;
James Bond 007: el mundo no es suficiente Game Boy Color Nuevo Juego Boy Color, juego Boy Color;17,65 EUR;Env√≠o gratis;Vendidos  5 ago 2021Art√≠culo vendido;desde Estados Unidos;
James Bond 007 Gameboy 1998 Cart Only * Authentic & Tested * Free Shipping;10,70 EUR;+¬†4,68 EUR de env√≠o;Vendidos  4 ago 2021Art√≠culo vendido;desde Canad√°;
James Bond 007 (Nintendo Game Boy, 1998 Cartucho en Caja Raro Variante completa los jugadores Choice;84,60 EUR;+¬†4,74 EUR de env√≠o;Vendidos  3 ago 2021Art√≠culo vendido;desde Estados Unidos;
James Bond 007: el mundo no es suficiente Gameboy Game Boy Color GBC apnea calificado;249,60 EUR;+¬†4,23 EUR de env√≠o;Vendidos  3 ago 2021Art√≠culo vendido;desde Estados Unidos;
James Bond 007: el mundo no es suficiente Nintendo Game Boy Color * AUT√âNTICO *;7,59 EUR;Env√≠o gratis;Vendidos  30 jul 2021Art√≠culo vendido;desde Estados Unidos;
James Bond 007 Nintendo Game Boy;13,51 EUR;+¬†2,50 EUR de env√≠o;Vendidos  28 jul 2021Art√≠culo vendido;desde Estados Unidos;
James Bond 007: el mundo no es suficiente Game Boy Color Nuevo Juego Boy Color, juego Boy Color;17,65 EUR;Env√≠o gratis;Vendidos  27 jul 2021Art√≠culo vendido;desde Estados Unidos;
James Bond 007: todo o nada (Nintendo Game Boy Advance, 2003) GBA;6,76 EUR;Env√≠o gratis;Vendidos  24 jul 2021Art√≠culo vendido;desde Estados Unidos;
James Bond 007: todo o nada Game Boy Advance Nuevo Juego Boy Advance;20,30 EUR;Env√≠o gratis;Vendidos  24 jul 2021Art√≠culo vendido;desde Estados Unidos;
James Bond 007: Quantum of Solace Steelbook-PlayStation 3 PS3 Juego;11,64 EUR;+¬†11,64 EUR de env√≠o;Vendidos  29 jul 2021Art√≠culo vendido;desde Reino Unido;
James Bond 007: desde Rusia Con Amor Juego para Nintendo GameCube;16,38 EUR;+ 18,21 EUR de env√≠o estimado;Vendidos  2 ago 2021Art√≠culo vendido;desde Reino Unido;
Nintendo 64 n 64 N64 juego de James Bond 007 Goldeneye Carro;14,03 EUR;+ 16,67 EUR de env√≠o estimado;Vendidos  19 ago 2021Art√≠culo vendido;desde Reino Unido;
James Bond 007 en agente bajo fuego-Juego Completo con Manual Original XBOX;4,20 EUR;+ 16,50 EUR de env√≠o estimado;Vendidos  9 ago 2021Art√≠culo vendido;desde Reino Unido;
James Bond 007 todo o nada-XBOX JUEGO Original y Completo con Manual;4,62 EUR;+¬†6,96 EUR de env√≠o;Vendidos  25 jul 2021Art√≠culo vendido;desde Reino Unido;
NINTENDO GAMECUBE Juego. James Bond 007 todo o nada-disco solamente;6,96 EUR;+ 16,54 EUR de env√≠o estimado;Vendidos  6 sep 2021Art√≠culo vendido;desde Reino Unido;
James Bond 007: Nightfire Nintendo Gamecube Juego Env√≠o Gratis Env√≠o r√°pido;6,96 EUR;+ 16,54 EUR de env√≠o estimado;Vendidos  25 jul 2021Art√≠culo vendido;desde Reino Unido;
James Bond 007: desde Rusia con amor, pal, completa, NINTENDO GAMECUBE Juego;17,47 EUR;+¬†11,70 EUR de env√≠o;Vendidos  5 sep 2021Art√≠culo vendido;desde Reino Unido;
James Bond 007: Nightfire NINTENDO GAMECUBE PAL Juego Con Manual;6,96 EUR;+ 18,83 EUR de env√≠o estimado;Vendidos  9 sep 2021Art√≠culo vendido;desde Reino Unido;
James Bond 007 agente bajo fuego PlayStation 2 (PS2) Juego Y Manual;2,33 EUR;+ 18,25 EUR de env√≠o estimado;Vendidos  13 sep 2021Art√≠culo vendido;desde Reino Unido;
Nintendo 64 n 64 N64 juego de James Bond 007 Goldeneye Carro;13,98 EUR;+ 16,67 EUR de env√≠o estimado;Vendidos  21 ago 2021Art√≠culo vendido;desde Reino Unido;
James Bond 007 The Duel - SEGA Master System - Complet - PAL - Tr√®s Bon Etat;29,90 EUR;+¬†24,90 EUR de env√≠o;Vendidos  7 sep 2021Art√≠culo vendido;desde Francia;
3 X de James Bond 007 PS2 CIB paquete Playstation 2/Nightfire Rusia con amor #1;14,61 EUR;+ 16,69 EUR de env√≠o estimado;Vendidos  2 jul 2021Art√≠culo vendido;desde Reino Unido;
James Bond 007 el duelo Sega Game Gear;17,55 EUR;+ 18,88 EUR de env√≠o estimado;Vendidos  23 ago 2021Art√≠culo vendido;desde Reino Unido;
James Bond 007: el duelo-Sega Mega Drive-en Caja Y Completo!;15,20 EUR;+ 20,79 EUR de env√≠o estimado;Vendidos  14 ago 2021Art√≠culo vendido;desde Reino Unido;
James Bond 007: Blood Stone Playstation PS3 Manual de video juego de acci√≥n PAL;3,50 EUR;+ 16,49 EUR de env√≠o estimado;Vendidos  1 ago 2021Art√≠culo vendido;desde Reino Unido;
James Bond 007 Nightfire-XBOX JUEGO/+ XBOX 360 r√°pido post Original y Completo;4,39 EUR;+ 16,50 EUR de env√≠o estimado;Vendidos  27 ago 2021Art√≠culo vendido;desde Reino Unido;
James Bond 007: todo o nada Player's Choice-Nintendo Gamecube;8,17 EUR;Env√≠o no especificado;Vendidos  8 sep 2021Art√≠culo vendido;desde Reino Unido;
James Bond 007 Nightfire Juego para Nintendo GameCube;4,68 EUR;+ 18,00 EUR de env√≠o estimado;Vendidos  31 ago 2021Art√≠culo vendido;desde Reino Unido;
James Bond 007 en agente bajo fuego-Original Juego Completo con manual en muy buena condici√≥n XBOX;7,01 EUR;+¬†6,96 EUR de env√≠o;Vendidos  24 jun 2021Art√≠culo vendido;desde Reino Unido;
James Bond 007 Legends-Microsoft Xbox 360 juego PAL CIB;6,42 EUR;+ 16,53 EUR de env√≠o estimado;Vendidos  2 jul 2021Art√≠culo vendido;desde Reino Unido;
James Bond 007 Quitte ou Double - Jeu Nintendo Gamecube (FR) - PAL - Complet;9,90 EUR;+¬†10,00 EUR de env√≠o;Vendidos  20 jul 2021Art√≠culo vendido;desde Francia;
James Bond 007 Nightfire Juego PC;5,23 EUR;+ 16,52 EUR de env√≠o estimado;Vendidos  17 jul 2021Art√≠culo vendido;desde Reino Unido;
James Bond 007 todo o nada (PS2) * casi Nuevo *;12,80 EUR;+¬†12,87 EUR de env√≠o;Vendidos  15 jul 2021Art√≠culo vendido;desde Reino Unido;
James Bond 007 Paquete De Juegos 3x Sony PlayStation 2 PS2 + Manuales;11,69 EUR;+ 20,38 EUR de env√≠o estimado;Vendidos  14 jul 2021Art√≠culo vendido;desde Reino Unido;
2 juegos de James Bond 007 agente bajo fuego & Nightfire Nintendo GameCube Libre P&P;15,20 EUR;+ 16,70 EUR de env√≠o estimado;Vendidos  22 jun 2021Art√≠culo vendido;desde Reino Unido;
James Bond 007: Nightfire PlayStation 2 (PS2) Juego;3,50 EUR;+ 18,28 EUR de env√≠o estimado;Vendidos  9 sep 2021Art√≠culo vendido;desde Reino Unido;
