Bram Stoker's Dracula (Nintendo Game Boy Gameboy) Excellent, Authentic, Tested!;23,35 EUR;+ 2,00 EUR de envío;Vendidos  3 sep 2021Artículo vendido;desde Canadá;
Bram Stoker's Dracula Gameboy;1,90 EUR;+ 3,47 EUR de envío;Vendidos  2 sep 2021Artículo vendido;desde Estados Unidos;
Bram Stoker's Dracula-Nintendo Game Boy 1993-auténtica Probado;16,91 EUR;Envío gratis;Vendidos  13 ago 2021Artículo vendido;desde Estados Unidos;
Bram Stoker's Dracula Gameboy Auténtico Original GB;1,69 EUR;+ 3,64 EUR de envío;Vendidos  28 jul 2021Artículo vendido;desde Estados Unidos;
Bram Stoker's Dracula (GameBoy) Caja sólo Sin Juego;57,23 EUR;+ 7,23 EUR de envío;Vendidos  19 jun 2021Artículo vendido;desde Estados Unidos;
Juegos de vanguardia Bram Stoker's Dracula Juego De Mesa Nuevo en Envoltorio;117,18 EUR;+ 37,66 EUR de envío estimado;Vendidos  17 ago 2021Artículo vendido;desde Reino Unido;
Bram Stoker's Dracula (Sega Game Gear, 1993) - Cartucho únicamente;17,56 EUR;+ 33,15 EUR de envío estimado;Vendidos  21 jul 2021Artículo vendido;desde Reino Unido;
Bram Stoker's Dracula Cult Stuff (2012) Sketch Art Card Created by Marcia Dye;80,85 EUR;+ 5,27 EUR de envío;Vendidos  22 ago 2021Artículo vendido;desde Reino Unido;
Bram Stoker's Dracula - SEGA Megadrive Mega Drive Sony - Complet - PAL Near Mint;74,90 EUR;+ 24,90 EUR de envío;Vendidos  12 ago 2021Artículo vendido;desde Francia;
Bram Stoker's Dracula-Nintendo NES Juego [PAL un UKV] CIB en caja/manual;128,84 EUR;+ 17,52 EUR de envío;Vendidos  7 ago 2021Artículo vendido;desde Reino Unido;
SNES-Bram Stoker's Dracula - (OVP);49,95 EUR;+ 17,50 EUR de envío;Vendidos  30 jul 2021Artículo vendido;desde Alemania;
Bram Stoker's Dracula SNES Super Nintendo Cartucho;31,63 EUR;+ 17,03 EUR de envío estimado;Vendidos  16 jul 2021Artículo vendido;desde Reino Unido;
Bram Stoker's Dracula Funko Pop Paquete De 2 Figuras. van Helsing, Conde Drácula;17,58 EUR;+ 40,54 EUR de envío estimado;Vendidos  12 sep 2021Artículo vendido;desde Reino Unido;
Bram Stoker's Dracula - 27 x Trading Card Base Set by Cult-Stuff (2012);3,75 EUR;+ 5,27 EUR de envío;Vendidos  25 jul 2021Artículo vendido;desde Reino Unido;
Bram Stoker's Dracula St. Mary's Earth Artifact Trading Card AC2 by Cult-Stuff;2,58 EUR;+ 5,27 EUR de envío;Vendidos  27 jun 2021Artículo vendido;desde Reino Unido;
Bram Stoker's Dracula - Joshua Werner Sketch Art Card - Cult Stuff (2012);9,96 EUR;+ 5,27 EUR de envío;Vendidos  8 ago 2021Artículo vendido;desde Reino Unido;
Bram Stoker's Dracula Both Chase Cards C1 & C2 - Cult-Stuff (2012);1,16 EUR;+ 5,27 EUR de envío;Vendidos  11 jul 2021Artículo vendido;desde Reino Unido;
Bram Stoker's Dracula by Cult Stuff (2012) Sketch Art Card Created by James Riot;2,58 EUR;+ 5,27 EUR de envío;Vendidos  27 jun 2021Artículo vendido;desde Reino Unido;
Bram Stoker's Dracula - William Withers Vlad Sketch Art Card - Cult Stuff (2012);6,44 EUR;+ 5,27 EUR de envío;Vendidos  11 jul 2021Artículo vendido;desde Reino Unido;
Bram Stoker's Dracula - Juan Puis Sketch Art Card - Cult Stuff (2012);