Nuevo anuncioGame Boy Alleyway Nintendo Gig;11,00 EUR;+¬†30,00 EUR de env√≠o;desde Italia;
Nintendo Game Boy-Alleyway-Embalaje original -;79,99 EUR;+¬†7,50 EUR de env√≠o;desde Alemania;
Alleyway - Game Boy Gameboy GB - PAL;9,95 EUR;+¬†3,50 EUR de env√≠o;
Alleyway Game Boy FAH ;10,00 EUR;Env√≠o gratis;desde Francia;
Nintendo Game Boy-Alleyway-Top-Embalaje original-pal alem√°n;89,90 EUR;+¬†15,90 EUR de env√≠o;desde Alemania;
Nintendo Game Boy Alleyway Cartucho s√≥lo (Color, GBA, SP);5,78 EUR;+ 13,58 EUR de env√≠o estimado;desde Reino Unido;
Alleyway Nintendo Game Boy Original * Regi√≥n libre * Cartucho;8,46 EUR;+¬†12,70 EUR de env√≠o;desde Reino Unido;
Alleyway Game Boy Japan;5,00 EUR;+¬†10,00 EUR de env√≠o;desde Italia;
Alleyway Nintendo Gameboy juego Game Boy muy bien;15,90 EUR;+¬†14,90 EUR de env√≠o;desde Alemania;
Alleyway Nintendo Game Boy Loose;5,00 EUR;+¬†30,00 EUR de env√≠o;desde Italia;
Alleyway (Nintendo Juego Original de Game Boy ) Probado Funciona Correctamente;13,27 EUR;+¬†13,87 EUR de env√≠o;desde Estados Unidos;
Alleyway Nintendo Game Boy GB NTSC-J Regi√≥n FREE Rare;11,99 EUR;+¬†5,90 EUR de env√≠o;
Alleyway Nintendo Game Boy;6,94 EUR;+ 11,45 EUR de env√≠o estimado;desde Reino Unido;
Alleyway Nintendo Game Boy Cartucho s√≥lo Libre P&P;5,83 EUR;+ 11,45 EUR de env√≠o estimado;desde Reino Unido;
Alleyway (Nintendo Original Game Boy Juego) Probado Funciona Correctamente! USA;12,15 EUR;+¬†20,34 EUR de env√≠o;desde Estados Unidos;
Notice - Instruction Booklet Alleyway Game Boy FAH-1 ;6,00 EUR;Env√≠o gratis;desde Francia;
Notice - Instruction Booklet Alleyway Game Boy FAH-2 ;7,00 EUR;Env√≠o gratis;desde Francia;
Alleyway Nintendo Gameboy Juego üíØ% Genuino Probado;8,16 EUR;+ 11,48 EUR de env√≠o estimado;desde Reino Unido;
Video Juego Nintendo GameBoy Alleyway Vintage 1 * * Importado Japon√©s;6,36 EUR;+¬†13,42 EUR de env√≠o;desde Reino Unido;
Alleyway Game Boy Gameboy Classic c√≥mo jugar instruction cuadernillo Noe;6,90 EUR;+¬†10,00 EUR de env√≠o;desde Alemania;
Notice Nintendo Game Boy Alleyway FAH Tr√®s Bon √©tat;7,90 EUR;+¬†6,98 EUR de env√≠o;desde Francia;
Alleyway Nintendo Gameboy OVP cib Boxed;48,90 EUR;+¬†5,00 EUR de env√≠o;desde Alemania;
Alleyway Nintendo Gameboy Japon√©s Original Cartucho De Juego DMG-Awa #3;5,83 EUR;+ 11,44 EUR de env√≠o estimado;desde Reino Unido;
Alleyway | Nintendo Gameboy | solo m√≥dulo | estado muy bien;11,90 EUR;+¬†35,00 EUR de env√≠o;desde Alemania;
Gameboy Alleyway solo carro falta de etiqueta;5,24 EUR;+ 11,43 EUR de env√≠o estimado;desde Reino Unido;
Alleyway Nintendo Gameboy Japon√©s Original Cartucho De Juego DMG-Awa #1;5,83 EUR;+ 11,44 EUR de env√≠o estimado;desde Reino Unido;
Gb-Alleyway para Nintendo GameBoy;12,95 EUR;+¬†6,50 EUR de env√≠o;desde Alemania;
Alleyway Gameboy juego! busque en la tienda!;8,17 EUR;+ 13,81 EUR de env√≠o estimado;desde Reino Unido;
