Nintendo Gameboy-Animaniacs;17,49 EUR;+ 16,74 EUR de envío estimado;Vendidos  12 ago 2021Artículo vendido;desde Reino Unido;
Animaniacs Luces, Cámara, Acción Nintendo Game Boy Advance GBA PAL Probado en Caja;23,39 EUR;+ 16,85 EUR de envío estimado;Vendidos  1 ago 2021Artículo vendido;desde Reino Unido;
Animaniacs-Nintendo Gameboy;15,18 EUR;+ 13,46 EUR de envío;Vendidos  21 jun 2021Artículo vendido;desde Reino Unido;
Animaniacs Nintendo Original Nintendo Game Boy * forma agradable * más difícil encontrar!;19,43 EUR;Envío gratis;Vendidos  8 sep 2021Artículo vendido;desde Estados Unidos;
Animaniacs Nintendo Game Boy, 1995-Auténtico Original Con Estuche Protector;15,23 EUR;Envío gratis;Vendidos  4 sep 2021Artículo vendido;desde Estados Unidos;
Animaniacs (Nintendo GameBoy, 1995) - solo Carro-limpiado & probado, auténtico;14,34 EUR;Envío gratis;Vendidos  3 sep 2021Artículo vendido;desde Estados Unidos;
Animaniacs (Nintendo Game Boy, 1995) Sólo Cartucho;5,91 EUR;+ 3,77 EUR de envío;Vendidos  3 sep 2021Artículo vendido;desde Estados Unidos;
Animaniacs (Nintendo Game Boy, 1995) auténtico Nintendo ￼;11,41 EUR;Envío gratis;Vendidos  19 ago 2021Artículo vendido;desde Estados Unidos;
Animaniacs (Nintendo Game Boy probado, 1995);10,91 EUR;+ 3,51 EUR de envío;Vendidos  16 ago 2021Artículo vendido;desde Estados Unidos;
Animaniacs (Nintendo Game Boy, 1995);10,91 EUR;Envío gratis;Vendidos  7 ago 2021Artículo vendido;desde Estados Unidos;
Animaniacs, Nintendo Game Boy, 1995, carro de juego solamente, Probado;7,40 EUR;+ 3,38 EUR de envío;Vendidos  6 ago 2021Artículo vendido;desde Estados Unidos;
Animaniacs-Cartucho únicamente! auténticas (Nintendo Game Boy, GB, 1995);12,69 EUR;Envío gratis;Vendidos  30 jul 2021Artículo vendido;desde Estados Unidos;
Animaniacs (Nintendo Game Boy probado, 1995);10,96 EUR;Envío gratis;Vendidos  26 jul 2021Artículo vendido;desde Estados Unidos;
Animaniacs (Nintendo Game Boy, 1995);15,23 EUR;+ 4,15 EUR de envío;Vendidos  23 jul 2021Artículo vendido;desde Estados Unidos;
Animaniacs-auténtico Nintendo Game Boy Juego;16,74 EUR;+ 2,50 EUR de envío;Vendidos  23 jul 2021Artículo vendido;desde Estados Unidos;
Animaniacs Nintendo Juego Original Boy-Probado-Envío Gratuito;10,99 EUR;Envío gratis;Vendidos  14 jul 2021Artículo vendido;desde Estados Unidos;
Animaniacs (Nintendo Game Boy, 1995) - Probado-Funcionando -;12,65 EUR;Envío gratis;Vendidos  13 jul 2021Artículo vendido;desde Estados Unidos;
Animaniacs Nintendo Original Game Boy-limpiado & probado-Envío Gratuito;9,30 EUR;Envío gratis;Vendidos  9 jul 2021Artículo vendido;desde Estados Unidos;
Animaniacs Juego Para Nintendo Game Boy, Video Juego Cartucho Y Case Tested;8,99 EUR;Envío gratis;Vendidos  29 jun 2021Artículo vendido;desde Estados Unidos;
Animaniacs Super NINTENDO SNES PAL Juego en Caja Completa Con Manual Gratis P&P;46,79 EUR;+ 17,27 EUR de envío estimado;Vendidos  7 jul 2021Artículo vendido;desde Reino Unido;
Animaniacs el gran Edgar Hunt, pal, completa, NINTENDO GAMECUBE Juego;16,32 EUR;+ 11,70 EUR de envío;Vendidos  3 sep 2021Artículo vendido;desde Reino Unido;
Animaniacs SNES PAL Super Nintendo En Caja Con Libro De Instrucciones Video Juego;52,06 EUR;+ 27,48 EUR de envío;Vendidos  6 jul 2021Artículo vendido;desde Reino Unido;
