The Addams Family  Game boy USA Completo Envio Combinado Leer;46,90 EUR;+Â 4,90 EUR de envÃ­o;
Game Boy - The Addams Family Pugsleys Scavenger Hunt Completo;200,00 EUR;+Â 9,00 EUR de envÃ­o;
The Addams Family PUGSLEY'S SCAVENGER HUNT Nintendo Game Boy;45,90 EUR;+Â 13,90 EUR de envÃ­o;desde Italia;
Jeu The Addams Family Pugsley's scavenger hunt sur Game boy version FAH;11,95 EUR;+Â 7,85 EUR de envÃ­o;desde Francia;
The Addams Family PUGSLEY'S SCAVENGER HUNT  NINTENDO GAME BOY PAL ITA RARO;29,90 EUR;+Â 13,00 EUR de envÃ­o;desde Italia;
Nintendo Game Boy The Addams Family USA Version;59,95 EUR;+Â 16,00 EUR de envÃ­o;desde PaÃ­ses Bajos;
The Addams Family  Game boy  Nintendo;4,00 EUR;+Â 15,00 EUR de envÃ­o;
The Addams Family pugsl... | Nintendo Game Boy | Gameboy Classic | aceptable;10,50 EUR;+Â 4,00 EUR de envÃ­o;desde Alemania;
Nintendo Gameboy juego-The Addams Family con embalaje original como nuevo;79,99 EUR;+Â 12,99 EUR de envÃ­o;desde Alemania;
Nintendo Game Boy The Addams Family FAH TrÃ¨s Bon Ã©tat;12,90 EUR;+Â 9,98 EUR de envÃ­o;desde Francia;
The Addams Family - Pugley's Scavenger Hunt  | Instruction Booklet | GameBoy ðŸ•¹;10,00 EUR;+Â 2,00 EUR de envÃ­o;desde PaÃ­ses Bajos;
The Addams Family - Pugley's Scavenger Hunt  | Instruction Booklet | Gameboy ;14,75 EUR;+Â 1,90 EUR de envÃ­o;desde PaÃ­ses Bajos;
The Addams Family (DMG-AF-FAH) for Nintendo Game Boy with manual;10,99 EUR12,99 EUR;+Â 4,85 EUR de envÃ­o;desde PaÃ­ses Bajos;
The Addams Family (solo card) Nintendo GAME BOY USATO;15,00 EUR;+Â 25,00 EUR de envÃ­o;desde Italia;
The Addams Family + instrucciones-Nintendo Gameboy juego | muy buen estado;20,00 EUR;+Â 7,50 EUR de envÃ­o;desde Alemania;
Nintendo Gameboy juego-The Addams Family mÃ³dulo con Inst.;19,99 EUR;+Â 4,99 EUR de envÃ­o;desde Alemania;
The Addams Family: Pugsley's Scavenger Hunt - Nintendo GameBoy - NGB;20,66 EUR;+Â 12,95 EUR de envÃ­o;desde PaÃ­ses Bajos;
The Addams Family DE PUGSLEY Scavenger Hunt Gameboy Game Boy GB GBA Nintendo Fah;29,79 EUR;EnvÃ­o gratis;desde Francia;
Cartouche The Addams Family pour Nintendo Game Boy;12,90 EUR;+Â 9,90 EUR de envÃ­o;desde Francia;
Nintendo Gameboy The Addams Family GameBoy only Modul;6,90 EUR;+Â 16,20 EUR de envÃ­o;desde Austria;
Notice NIntendo Game Boy  The Addams Family FAH Excellent Ã©tat;10,90 EUR;+Â 6,98 EUR de envÃ­o;desde Francia;
Nintendo Game Boy The Addams Family Notice / Instruction Manual;7,99 EUR;+Â 2,15 EUR de envÃ­o;desde Francia;
Nintendo GameBoy game - The Addams Family cartridge with manual;22,68 EUR;EnvÃ­o gratis;desde Alemania;
Nintendo Gameboy Classic GB - The Addams Family Pugsley's Scavenger Hunt CIB;59,95 EUR;+Â 16,95 EUR de envÃ­o;desde PaÃ­ses Bajos;
Nintendo Gameboy juego-The Addams Family mÃ³dulo;12,99 EUR;+Â 4,99 EUR de envÃ­o;desde Alemania;
Nintendo GameBoy game - The Addams Family boxed  MINT CONDITION;74,06 EUR;+Â 20,00 EUR de envÃ­o;desde Alemania;
