Nintendo Gameboy solo manual Battleship;6,78 EUR;+ 15,76 EUR de envío estimado;Vendidos  6 jul 2021Artículo vendido;desde Estados Unidos;
Battleship (Nintendo Game Boy Color, 1999) Game Boy Color Auténtico Probado Con Estuche;4,23 EUR;+ 19,91 EUR de envío estimado;Vendidos  6 jul 2021Artículo vendido;desde Estados Unidos;
Battleship (Gameboy Color GBC) solo manual de instrucciones.. Sin Juego;2,55 EUR;+ 14,10 EUR de envío;Vendidos  6 jul 2021Artículo vendido;desde Estados Unidos;
Battleship (Nintendo GameBoy, 1992) Gb auténtico Cartucho sólo Probado Funciona;7,46 EUR;+ 15,79 EUR de envío estimado;Vendidos  22 jun 2021Artículo vendido;desde Estados Unidos;
Battleship-Game Boy Color Gameboy Juego-Probado + trabajo & Auténtico!;9,22 EUR;+ 14,25 EUR de envío;Vendidos  18 jun 2021Artículo vendido;desde Estados Unidos;
Space Battleship Yamato Nintendo Gameboy GB Japón importación vendedor de EE. UU. MC800 B RARO;13,55 EUR;+ 15,99 EUR de envío estimado;Vendidos  25 may 2021Artículo vendido;desde Estados Unidos;
Battleship (Nintendo Game Boy Color, 1999) Clásico Divertido Juego Cartucho Buen Estado;5,92 EUR;+ 15,73 EUR de envío estimado;Vendidos  21 may 2021Artículo vendido;desde Estados Unidos;
Nintendo Original GameBoy en Caja DMG-01 funciona muy bien con 2 Juegos Tetris Battleship;100,00 EUR;+ 28,96 EUR de envío estimado;Vendidos  11 may 2021Artículo vendido;desde Estados Unidos;
Battleship (Nintendo Game Boy Color) GBC Authentic/Cleaned/Tested - Gameboy;9,81 EUR;+ 19,65 EUR de envío;Vendidos  1 may 2021Artículo vendido;desde Canadá;
Riesgo / Battleship / pista Nintendo Game Boy Advance, 2005 ENVÍOS GRATIS EE. UU.;6,14 EUR;+ 6,13 EUR de envío;Vendidos  26 abr 2021Artículo vendido;desde Estados Unidos;
