NINTENDO GAME BOY-Dr. Franken II (en Caja);103,53 EUR;Envío internacional gratis;desde Reino Unido;
Nintendo Game Boy Dr. Franken II FAH Très Bon état;34,90 EUR;+ 11,98 EUR de envío;desde Francia;
NINTENDO GAME BOY-Dr. Franken II (BOXED2);103,53 EUR;Envío internacional gratis;desde Reino Unido;
Dr. Franken II Nintendo GameBoy Cartucho De Juego Original;10,53 EUR;+ 6,44 EUR de envío;desde Reino Unido;
Dr. Franken II (2) - GAMEBOY Juego-EE. UU.;8,78 EUR;+ 16,60 EUR de envío estimado;desde Reino Unido;
Nintendo Gameboy Juego-Dr. Franken II 2;11,66 EUR;+ 16,66 EUR de envío estimado;desde Reino Unido;
Dr. Franken II | Nintendo Game Boy UKV | Sin Caja;11,71 EUR;Envío no especificado;desde Reino Unido;
NINTENDO GAMEBOY GB Game Dr. Franken II;14,05 EUR;Envío no especificado;desde Reino Unido;
Dr. Franken II 2 Nintendo Game Boy Original Exmt COND Cartucho Auténtico;15,22 EUR;Envío gratis;desde Estados Unidos;
GB-Dr. Franken II Nintendo Gameboy Game Boy solo carro;21,05 EUR;Envío gratis;desde Estados Unidos;
Dr. Franken II Nintendo Game Boy Video Juego Carro;14,91 EUR;Envío gratis;desde Estados Unidos;
Dr. Franken II-solo carro (Nintendo Game Boy);17,76 EUR;+ 3,51 EUR de envío;desde Estados Unidos;
Dr. Franken II 2 (Game Boy, 1997) - Ultra Poco común!;16,88 EUR;+ 4,74 EUR de envío;desde Estados Unidos;
Dr. Franken II (Nintendo Game Boy);42,25 EUR;+ 2,53 EUR de envío;desde Estados Unidos;
Dr. Franken II Nintendo Game Boy Vga 75+ ex +/H-costura Casi Nuevo Sellado De Fábrica Nueva;1.395,76 EUR;+ 16,92 EUR de envío;desde Rusia;
Dr. Franken II 2 (Nintendo GameBoy) Auténtico -- Completo En Caja;448,29 EUR;Envío gratis;desde Estados Unidos;
Dr. Franken II (Nintendo Game Boy) Usado;19,45 EUR;+ 2,53 EUR de envío;desde Estados Unidos;
1993 Dr. Franken II NINTENDO SUPER NES GAME BOY Vintage Mini Cartel Promo enmarcado/ad;38,06 EUR;+ 14,37 EUR de envío;desde Alemania;
Dr. Franken II ** Caja, plástico, y cartucho sólo ** (Nintendo Game Boy);253,77 EUR;Envío gratis;desde Estados Unidos;
Dr. Franken II Game Boy Nintendo Llavero;2,18 EUR;+ 2,51 EUR de envío;desde España;
Dr. Franken II NINTENDO GAME BOY FRIDGE MAGNET;2,18 EUR;+ 2,51 EUR de envío;desde España;
