Nuevo anuncioMicro Machines + Reservoir Rat + Desert Strike / Nintendo Game Boy Manual 3 PCS;15,00 EUR;Envío internacional gratis;desde Francia;
Game Boy Color Micro Machines V3 en caja con instrucciones;23,25 EUR;+ 16,75 EUR de envío estimado;desde Reino Unido;
Micro Machines | Nintendo Gameboy | Raro en Caja + Manual | Excelente Estado;34,88 EUR;+ 20,43 EUR de envío estimado;desde Reino Unido;
Juego Nintendo Game Boy Color Micro Machines;15,90 EUR;Envío no especificado;desde España;
Nintendo Game Boy Color, Micro Machines 1 and 2: Twin Turbo, VGA oro 85+ nm +;469,00 EUR;+ 55,00 EUR de envío;desde Alemania;
Nintendo Game Boy Micro Machines 2 FAH Très Bon état;9,90 EUR;+ 11,98 EUR de envío;desde Francia;
NINTENDO GAME BOY / Micro Machines [ DMG-H3-EUR ];12,99 EUR;+ 8,25 EUR de envío;desde Francia;
Nintendo Gameboy Game Boy Micro Machines Juego Video Juego Carro;10,45 EUR;+ 9,30 EUR de envío;desde Reino Unido;
Micro Machines Nintendo Game Boy Color Advance Juego Cartucho Solo;6,97 EUR;+ 18,22 EUR de envío estimado;desde Reino Unido;
Micro Machines V3 para Game Boy Color Completo Con Caja Y Manual De Instrucciones;16,27 EUR;Envío no especificado;desde Reino Unido;
MicroMachines Micro Machines Nintendo Gameboy GB - Complet - PAL EUR - Near Mint;79,90 EUR;+ 24,90 EUR de envío;desde Francia;
NINTENDO GAME BOY COLOR Micro Machines 1 y 2 Twin Turbo PAL Nortec;15,33 EUR;+ 24,31 EUR de envío;desde Grecia;
Micro Machines V3 Nintendo Game Boy Color Advance Juego Solo Carro Genuino;12,73 EUR;+ 6,98 EUR de envío;desde Reino Unido;
Micro Machines V3-Juego Boy Color;8,13 EUR;+ 15,11 EUR de envío;desde Reino Unido;
NINTENDO GAME BOY-Micro Machines (en Caja);81,35 EUR;Envío internacional gratis;desde Reino Unido;
NINTENDO GAME BOY-Micro Machines (en Caja);69,72 EUR;Envío internacional gratis;desde Reino Unido;
Nintendo Game Boy Micro Machines instrucciones dmg-h3-eur;3,00 EUR;Envío no especificado;desde Alemania;
Nintendo Gameboy juego-Micro Machines 2 Turbo Tournament-Embalaje original-pal-rar;199,90 EUR;Envío no especificado;desde Alemania;
Micro Machines Juego Boy Advance solo Carro De Muy Buena;23,20 EUR;+ 16,75 EUR de envío estimado;desde Reino Unido;
Micro Machines y muy raro Micro Machines 2 UKV PARA GAMEBOY;50,00 EUR;+ 17,23 EUR de envío estimado;desde Reino Unido;
Micro Machines Gameboy CIB Raro #0032;29,02 EUR;+ 20,92 EUR de envío estimado;desde Reino Unido;
Nintendo Gameboy Micro Machines Carro De Juego Y Manual Probado Funcionando en muy buena condición 1991;15,11 EUR;+ 15,12 EUR de envío;desde Reino Unido;
Nintendo Gameboy (gb) // Micro Machines 1 + embalaje original + INST. // dt. PAL;44,99 EUR;+ 5,99 EUR de envío;desde Alemania;
Micro Machines Gameboy CIB Raro #0021;69,72 EUR;+ 26,35 EUR de envío estimado;desde Reino Unido;
Nintendo Gameboy Advance juego-Micro Machines (módulo) GBA;24,99 EUR;+ 67,99 EUR de envío;desde Alemania;
Nintendo Gameboy-Micro Machines-VGA 85+ nm + - Embalaje original-nuevo-rar-Top;2.800,00 EUR;Envío no especificado;desde Alemania;
Micro Machines 1 y 2 Twin Turbo-Nintendo Game Boy Color UE-probado y funciona;13,94 EUR;+ 16,57 EUR de envío estimado;desde Reino Unido;
Nintendo Game Boy juego Micro Machines;16,28 EUR;+ 18,75 EUR de envío estimado;desde Reino Unido;
Micro Machines Nintendo Game Boy Juego Original;12,78 EUR;+ 6,82 EUR de envío;desde Ucrania;
Micro Machines 1 y 2 Twin Turbo Cartucho De Juego Juego Boy Color;16,22 EUR;+ 16,62 EUR de envío estimado;desde Reino Unido;
Micro Machines Gameboy CIB Raro #0023;40,65 EUR;+ 21,13 EUR de envío estimado;desde Reino Unido;
Nintendo Gameboy Color-Micro Machines 1 y 2 Twin Turbo y V3;22,04 EUR;+ 16,72 EUR de envío estimado;desde Reino Unido;
Nintendo Gameboy-Micro Machines-VGA 90+ nm +/mt-Embalaje original-nuevo-rar-Top;3.500,00 EUR;Envío no especificado;desde Alemania;
Micro Machines 2 Nintendo Game Boy Loose;5,00 EUR;+ 30,00 EUR de envío;desde Italia;
Nintendo Gameboy Micro Machines OVP módulo como nuevo;73,99 EUR;+ 35,99 EUR de envío;desde Alemania;
Micro Machines Twin Turbo Gameboy Color GBA Probado;12,55 EUR;+ 16,55 EUR de envío estimado;desde Reino Unido;
Micro Machines-Nintendo Gameboy Advance (GBA) - Probado & probado solo carro.;22,10 EUR;+ 19,05 EUR de envío estimado;desde Reino Unido;
Micro Machines V3 Nintendo Gameboy Color solo carro probado PAL;12,78 EUR;+ 16,56 EUR de envío estimado;desde Reino Unido;
Nintendo Gameboy-Micro Machines-Embalaje original-Top-pal-Ocean;69,90 EUR;Envío no especificado;desde Alemania;
Nintendo Game Boy - Micro Machines - PAL - EUR;14,99 EUR;+ 4,60 EUR de envío;desde Francia;
1999 Micro Machines V3 PS1 Game Boy Promo Poster Vintage/ad arte enmarcado;34,08 EUR;+ 14,48 EUR de envío;desde Alemania;
Nintendo Gameboy Advance GBA-Micro Machines;25,53 EUR;+ 16,78 EUR de envío estimado;desde Reino Unido;
Nintendo Gameboy Game Boy Micro Machines Juego Video Juego Carro;9,06 EUR;+ 16,49 EUR de envío estimado;desde Reino Unido;
Micro Machines PS2 Gamecube PS1 XBOX Game Boy Advance Promo Poster Arte/ad;25,56 EUR;+ 11,07 EUR de envío;desde Alemania;
Micro Machines V3 Nintendo Gameboy Color Juego. GRATIS UK FRANQUEO con manual en muy buena condición;14,64 EUR;+ 16,58 EUR de envío estimado;desde Reino Unido;
