Kirby's Dream Land - Instruction Booklet |GameBoy | Manual | AUS version! | Rare;9,00 EUR;+¬†1,75 EUR de env√≠o;Vendidos  14 sep 2021Art√≠culo vendido;desde Pa√≠ses Bajos;
EUR GB: Kirby's Dream Land with Manual (English) Nintendo Gameboy;12,49 EUR;Env√≠o no especificado;Vendidos  9 sep 2021Art√≠culo vendido;desde Pa√≠ses Bajos;
Jeu Game Boy Kirby's Dream Land DMG-KY-FAH Pour Nintendo Cartouche Disquette;12,00 EUR;+¬†5,60 EUR de env√≠o;Vendidos  2 sep 2021Art√≠culo vendido;desde Francia;
Kirby's Dream Land 2 - Nintendo Game boy - NTSC-J JAP;9,17 EUR;+¬†3,00 EUR de env√≠o;Vendidos  1 sep 2021Art√≠culo vendido;desde Francia;
Nintendo Game Boy Kirby's Dream Land FAH gameboy;14,99 EUR;+¬†8,90 EUR de env√≠o;Vendidos  30 ago 2021Art√≠culo vendido;desde Francia;
Kirby's Dream Land Nintendo Gameboy Juego PAL solo carro;16,37 EUR;+¬†7,61 EUR de env√≠o;Vendidos  28 ago 2021Art√≠culo vendido;desde Reino Unido;
Kirby's Dream Land-GameBoy Color;12,99 EUR;+¬†5,99 EUR de env√≠o;Vendidos  28 ago 2021Art√≠culo vendido;desde Alemania;
Kirby's Dream Land Nintendo Game Boy Folleto De Instrucciones Manual;7,02 EUR;+¬†11,70 EUR de env√≠o;Vendidos  23 ago 2021Art√≠culo vendido;desde Reino Unido;
Kirby's Dream Land 2 para Nintendo GameBoy;17,99 EUR;Env√≠o no especificado;Vendidos  22 ago 2021Art√≠culo vendido;desde Alemania;
Kirby's Dream Land 2 Nintendo Game Boy Cartucho y caja 1995 en muy buen estado probado/trabajo;64,35 EUR;+ 25,82 EUR de env√≠o estimado;Vendidos  21 ago 2021Art√≠culo vendido;desde Reino Unido;
Kirby's Dream Land 2 para Game Boy;14,00 EUR;Env√≠o no especificado;Vendidos  17 ago 2021Art√≠culo vendido;desde Alemania;
Nintendo Game Boy Kirby's Dream Land FAH Excellent √©tat;14,99 EUR;Env√≠o no especificado;Vendidos  16 ago 2021Art√≠culo vendido;desde Francia;
Kirby's Dream Land - EUR - Nintendo Gameboy;12,00 EUR;+¬†25,00 EUR de env√≠o;Vendidos  13 ago 2021Art√≠culo vendido;desde Pa√≠ses Bajos;
Kirby's Dream Land | Nintendo Game Boy | | En Caja Y Completo Aleman;81,87 EUR;+ 22,63 EUR de env√≠o estimado;Vendidos  12 ago 2021Art√≠culo vendido;desde Reino Unido;
Japon√©s Nintendo Gameboy-Hoshi no Kirby Kirby's Dream Land üá¨ üáß vendedor;7,01 EUR;+¬†10,53 EUR de env√≠o;Vendidos  11 ago 2021Art√≠culo vendido;desde Reino Unido;
Kirby's Dream Land (Nintendo Game Boy, 1992);29,25 EUR;+ 21,05 EUR de env√≠o estimado;Vendidos  10 ago 2021Art√≠culo vendido;desde Reino Unido;
Nintendo Game Boy - Kirby's Dream Land - PAL - FAH;15,99 EUR;+¬†5,00 EUR de env√≠o;Vendidos  7 ago 2021Art√≠culo vendido;desde Francia;
Kirby's Dream Land Jeu Nintendo Game Boy;14,90 EUR;+¬†10,00 EUR de env√≠o;Vendidos  5 ago 2021Art√≠culo vendido;desde Francia;
Kirby's Dream Land - Game Boy - DMG-KY-ESP-1;15,00 EUR;Env√≠o no especificado;Vendidos  4 ago 2021Art√≠culo vendido;desde Espa√±a;
Nintendo Game Boy - Kirby's Dream Land - PAL - FAH;13,99 EUR;+¬†5,00 EUR de env√≠o;Vendidos  3 ago 2021Art√≠culo vendido;desde Francia;
Kirby's Dream Land 2 en caja original japon√©s Nintendo Gameboy Juego DMG-P-akbj;40,94 EUR;+ 21,88 EUR de env√≠o estimado;Vendidos  3 ago 2021Art√≠culo vendido;desde Reino Unido;
Kirby's Dream Land (Nintendo GameBoy, 1992) ** solo carro * * condici√≥n aceptable **;10,52 EUR;+ 17,77 EUR de env√≠o estimado;Vendidos  1 ago 2021Art√≠culo vendido;desde Reino Unido;
Notice Nintendo GB Game Boy Kirby's Dream Land FAH, Tr√®s Bon √©tat #1;10,90 EUR;+¬†11,98 EUR de env√≠o;Vendidos  1 ago 2021Art√≠culo vendido;desde Francia;
Kirby's Dream Land Gameboy;7,49 EUR;+¬†5,99 EUR de env√≠o;Vendidos  1 ago 2021Art√≠culo vendido;desde Alemania;
Kirby's Dream Land - UKV - Nintendo Gameboy;12,00 EUR;+¬†25,00 EUR de env√≠o;Vendidos  26 jul 2021Art√≠culo vendido;desde Pa√≠ses Bajos;
Kirby's Dream Land Nintendo Game Boy juego muy bien probado;9,99 EUR;+¬†7,39 EUR de env√≠o;Vendidos  25 jul 2021Art√≠culo vendido;desde Alemania;
Nintendo Game Boy Kirby's Dream Land Notice / Instruction Manual;9,99 EUR;+¬†2,75 EUR de env√≠o;Vendidos  24 jul 2021Art√≠culo vendido;desde Francia;
Kirby's Dream Land DX Completo Colour Nintendo Gameboy Color videojuego;16,38 EUR;+¬†11,70 EUR de env√≠o;Vendidos  24 jul 2021Art√≠culo vendido;desde Reino Unido;
Kirby's Dream Land - Game Boy - DMG-KY-EUR;10,00 EUR;Env√≠o no especificado;Vendidos  23 jul 2021Art√≠culo vendido;desde Espa√±a;
Kirby's Dream Land (Nintendo Gameboy Classic) - s√≥lo el m√≥dulo;12,00 EUR;Env√≠o no especificado;Vendidos  22 jul 2021Art√≠culo vendido;desde Alemania;
Kirby's Dream Land Original Nintendo Gameboy Caja y manual solamente sin Juego UK PAL;23,34 EUR;+ 16,85 EUR de env√≠o estimado;Vendidos  20 jul 2021Art√≠culo vendido;desde Reino Unido;
Kirby's Dream Land 2 Game Boy USA ;30,00 EUR;Env√≠o internacional gratis;Vendidos  19 jul 2021Art√≠culo vendido;desde Francia;
