Mighty Morphin Power Rangers La Película Nintendo Game Boy limpiado totalmente probado;12,69 EUR;+ 2,70 EUR de envío;Vendidos  9 sep 2021Artículo vendido;desde Estados Unidos;
Nintendo Game Boy Cartucho sólo probado Mighty Morphin Power Rangers: la Película;10,14 EUR;+ 3,55 EUR de envío;Vendidos  4 sep 2021Artículo vendido;desde Estados Unidos;
Mighty Morphin Power Rangers La Película Nintendo Game Boy FOLLETO Manual Retro;7,57 EUR;Envío gratis;Vendidos  31 ago 2021Artículo vendido;desde Estados Unidos;
Mighty Morphin Power Rangers-Nintendo Game Boy-Probado;4,23 EUR;+ 3,77 EUR de envío;Vendidos  30 ago 2021Artículo vendido;desde Estados Unidos;
Gameboy Mighty Morphin Power Rangers;13,53 EUR;Envío gratis;Vendidos  28 ago 2021Artículo vendido;desde Estados Unidos;
Auténtico Mighty Morphin Power Rangers-NINTENDO GAMEBOY GB Juego. envío gratuito;8,46 EUR;Envío gratis;Vendidos  26 ago 2021Artículo vendido;desde Estados Unidos;
Genuine | Mighty Morphin Power Rangers-DMG-zw-Usa | restaurar Game Boy GBC GBA;13,96 EUR;Envío gratis;Vendidos  22 ago 2021Artículo vendido;desde Estados Unidos;
Mighty Morphin Power Rangers (Nintendo Gameboy, 1994) cartucho sólo probado;8,46 EUR;+ 3,55 EUR de envío;Vendidos  22 ago 2021Artículo vendido;desde Estados Unidos;
Auténtico Mighty Morphin Power Rangers-NINTENDO GAMEBOY GB Juego. envío gratuito;12,68 EUR;Envío gratis;Vendidos  19 ago 2021Artículo vendido;desde Estados Unidos;
Mighty Morphin Power Rangers (Nintendo Gameboy, 1994) Auténtico solo carro Probado;12,67 EUR;Envío gratis;Vendidos  11 ago 2021Artículo vendido;desde Estados Unidos;
Mighty Morphin Power Rangers (Nintendo Gameboy, 1994) cartucho sólo probado;12,18 EUR;Envío gratis;Vendidos  7 ago 2021Artículo vendido;desde Estados Unidos;
Mighty Morphin Power Rangers video juego Nintendo Game Boy Solo Manual;10,75 EUR;Envío gratis;Vendidos  5 ago 2021Artículo vendido;desde Estados Unidos;
Mighty Morphin Power Rangers (Nintendo Game Boy, 1994);19,45 EUR;+ 3,64 EUR de envío;Vendidos  3 ago 2021Artículo vendido;desde Estados Unidos;
Mighty Morphin Power Rangers La Película Con Manual Original Juego Boy * AUTÉNTICO *;29,59 EUR;Envío gratis;Vendidos  1 ago 2021Artículo vendido;desde Estados Unidos;
Mighty Morphin Power Rangers (Nintendo Game Boy, 1994) caso/manual incluido;18,61 EUR;Envío gratis;Vendidos  25 jul 2021Artículo vendido;desde Estados Unidos;
⭐⭐ ⭐⭐ auténtico Mighty Morphin Power Rangers-NINTENDO GAMEBOY GB Juego ⭐⭐⭐⭐;11,42 EUR;+ 3,38 EUR de envío;Vendidos  21 jul 2021Artículo vendido;desde Estados Unidos;
Mighty Morphin Power Rangers – Nintendo Gameboy;10,00 EUR;+ 11,00 EUR de envío;Vendidos  21 jul 2021Artículo vendido;desde Países Bajos;
Mighty Morphin Power Rangers La Película (Game Boy Color, 1995) Auténtico!;17,76 EUR;Envío gratis;Vendidos  17 jul 2021Artículo vendido;desde Estados Unidos;
Mighty Morphin Power Rangers La Película Nintendo Game Boy limpiado totalmente probado;16,91 EUR;Envío gratis;Vendidos  16 jul 2021Artículo vendido;desde Estados Unidos;
Mighty Morphin Power Rangers La Película (Game Boy Color, 1995) Auténtico!;15,22 EUR;Envío gratis;Vendidos  16 jul 2021Artículo vendido;desde Estados Unidos;
⭐⭐ ⭐⭐ auténtico Mighty Morphin Power Rangers-NINTENDO GAMEBOY GB Juego ⭐⭐⭐⭐;12,04 EUR;Envío gratis;Vendidos  13 jul 2021Artículo vendido;desde Estados Unidos;
Mighty Morphin Power Rangers (Nintendo Gameboy, 1994) cartucho sólo probado;11,13 EUR;Envío gratis;Vendidos  9 jul 2021Artículo vendido;desde Estados Unidos;
Mighty Morphin Power Rangers De Rescate Nintendo Gameboy Color Juego-Game Boy Color;3,21 EUR;+ 2,54 EUR de envío;Vendidos  2 jul 2021Artículo vendido;desde Estados Unidos;
Mighty Morphin Power Rangers (Nintendo Gameboy, 1994);4,22 EUR;+ 4,40 EUR de envío;Vendidos  2 jul 2021Artículo vendido;desde Estados Unidos;
Mighty Morphin Power Rangers (Nintendo Gameboy, 1994) cartucho sólo probado;5,50 EUR;+ 3,64 EUR de envío;Vendidos  30 jun 2021Artículo vendido;desde Estados Unidos;
Nintendo Gameboy Manual Authentic Mighty Morphin Power Rangers;10,03 EUR;+ 3,34 EUR de envío;Vendidos  21 jun 2021Artículo vendido;desde Canadá;
Nintendo Game boy cartucho de juego Mighty Morphin Power Rangers Con Manual Funciona;8,49 EUR;+ 3,43 EUR de envío;Vendidos  20 jun 2021Artículo vendido;desde Estados Unidos;
Mighty Morphin Power Rangers (Nintendo Gameboy, 1994) * solo Carro *;15,22 EUR;Envío gratis;Vendidos  19 jun 2021Artículo vendido;desde Estados Unidos;
Mighty Morphin Power Rangers Figuras De Colección Lightning;239,86 EUR;+ 23,40 EUR de envío;Vendidos  12 sep 2021Artículo vendido;desde Reino Unido;
Mighty Morphin Power Rangers Vintage Figura Paquete;28,08 EUR;+ 40,91 EUR de envío estimado;Vendidos  22 ago 2021Artículo vendido;desde Reino Unido;
Mighty Morphin Power Rangers Megazord Paquete;25,74 EUR;+ 41,81 EUR de envío estimado;Vendidos  22 ago 2021Artículo vendido;desde Reino Unido;
Legado Dragonzord-Mighty Morphin Power Rangers-Power Rangers;111,16 EUR;+ 51,38 EUR de envío estimado;Vendidos  27 ago 2021Artículo vendido;desde Reino Unido;
1993 BAN DAI Mighty Morphin Power Rangers Deluxe Megazord 99% Completo;105,31 EUR;+ 44,40 EUR de envío estimado;Vendidos  8 sep 2021Artículo vendido;desde Reino Unido;
MMPR Mighty Morphin Power Rangers Blanco Falcon Falconzord Bandai 1995;10,52 EUR;+ 39,42 EUR de envío estimado;Vendidos  11 sep 2021Artículo vendido;desde Reino Unido;
Mighty Morphin Power Rangers Megazord Juguete de control remoto, Marchon Vintage 90s;11,69 EUR;+ 35,53 EUR de envío estimado;Vendidos  14 sep 2021Artículo vendido;desde Reino Unido;
5 Mighty Morphin Power Rangers Flip cabeza figura 93 Vintage Bandai.;31,59 EUR;+ 39,81 EUR de envío estimado;Vendidos  30 ago 2021Artículo vendido;desde Reino Unido;
1994 BANDAI Mighty Morphin Power Rangers poder Blaster Arma De Juguete - 2 piezas;2,33 EUR;+ 39,27 EUR de envío estimado;Vendidos  13 sep 2021Artículo vendido;desde Reino Unido;
Década de 1990 Bandai MMPR Mighty Morphin Power Rangers Thunder Zord Megazord Dragón Rojo;65,52 EUR;+ 55,33 EUR de envío estimado;Vendidos  25 jul 2021Artículo vendido;desde Reino Unido;
Mighty Morphin Power Rangers Zord Tigre Blanco Buen Estado Probado Funcionando;22,23 EUR;+ 42,32 EUR de envío estimado;Vendidos  14 sep 2021Artículo vendido;desde Reino Unido;
Original Mighty Morphin Power Rangers Juguete JOBLOT Megazord Thunderzord Dragonzord;59,67 EUR;+ 43,33 EUR de envío estimado;Vendidos  5 jul 2021Artículo vendido;desde Reino Unido;
Original Mighty Morphin Power Rangers Bandai 1993 Deluxe Megazord;95,95 EUR;+ 29,25 EUR de envío;Vendidos  27 jun 2021Artículo vendido;desde Reino Unido;
Mighty Morphin Power Rangers poder heredados Morpher con monedas Diecast;86,58 EUR;+ 21,74 EUR de envío estimado;Vendidos  21 jul 2021Artículo vendido;desde Reino Unido;
Muy raras Mighty Morphin Power Rangers Morpher Original hablando Morphers.;58,50 EUR;+ 42,33 EUR de envío estimado;Vendidos  13 ago 2021Artículo vendido;desde Reino Unido;
Mighty Morphin Power Rangers legado Blade Blaster, Bandai;71,37 EUR;+ 45,91 EUR de envío estimado;Vendidos  26 ago 2021Artículo vendido;desde Reino Unido;
Década de 1990 Bandai MMPR Mighty Morphin Power Rangers Thunderzord equipo de asalto en Caja;33,93 EUR;+ 51,25 EUR de envío estimado;Vendidos  5 sep 2021Artículo vendido;desde Reino Unido;
Década de 1990 Bandai MMPR Mighty Morphin Power Rangers poder cúpula en caja Figura Juego;50,31 EUR;+ 55,06 EUR de envío estimado;Vendidos  5 ago 2021Artículo vendido;desde Reino Unido;
Mighty Morphin Power Rangers Lightning Colección Verde Ranger Nuevo;37,44 EUR;+ 41,08 EUR de envío estimado;Vendidos  13 jul 2021Artículo vendido;desde Reino Unido;
Mighty Morphin Power Rangers Legacy Blanco Ranger Mini Casco;33,93 EUR;+ 29,25 EUR de envío;Vendidos  13 ago 2021Artículo vendido;desde Reino Unido;
Mighty Morphin Power Rangers Daga De Dragón Rojo Morpher Pistola Paquete de Armas!! rara!!!;77,22 EUR;+ 42,03 EUR de envío estimado;Vendidos  4 jul 2021Artículo vendido;desde Reino Unido;
Mighty Morphin Power Rangers Vintage Paquete;33,93 EUR;+ 47,79 EUR de envío estimado;Vendidos  22 ago 2021Artículo vendido;desde Reino Unido;
Ban Dai Mighty Morphin Power Rangers poder heredados edición Ranger Morpher Azul;132,16 EUR;+ 37,89 EUR de envío estimado;Vendidos  9 sep 2021Artículo vendido;desde Reino Unido;
Mighty Morphin Power Rangers Thunder Megazord;53,82 EUR;+ 33,94 EUR de envío estimado;Vendidos  11 sep 2021Artículo vendido;desde Reino Unido;
Mighty Morphin Power Rangers poder heredados edición Ranger Morpher Verde/Blanco;222,31 EUR;+ 35,39 EUR de envío;Vendidos  31 ago 2021Artículo vendido;desde Reino Unido;
Mighty Morphin Power Rangers Lightning Colección Verde Ranger Nuevo;43,29 EUR;+ 41,19 EUR de envío estimado;Vendidos  24 jul 2021Artículo vendido;desde Reino Unido;
Vintage, Mighty Morphin Power Rangers, RC Megazord, 100% completo, de 1994, trabajando;35,10 EUR;+ 44,54 EUR de envío estimado;Vendidos  1 sep 2021Artículo vendido;desde Reino Unido;
Mighty Morphin Power Rangers Megazord Marchon Vintage 90s Con Control Remoto;24,57 EUR;+ 41,72 EUR de envío estimado;Vendidos  19 jul 2021Artículo vendido;desde Reino Unido;
Mighty Morphin Power Rangers Morpher;249,00 EUR;+ 23,10 EUR de envío;Vendidos  1 jul 2021Artículo vendido;desde Francia;
Mighty Morphin Power Rangers Repuestos Thunder Megazord;13,46 EUR;+ 41,51 EUR de envío estimado;Vendidos  12 sep 2021Artículo vendido;desde Reino Unido;
1993 Ban Dai Mighty Morphin Power Rangers Dragonzord verde negro y rojo Rangers;40,95 EUR;+ 44,42 EUR de envío estimado;Vendidos  11 ago 2021Artículo vendido;desde Reino Unido;
10" Mighty Morphin Power Rangers Ninjor transformar;11,70 EUR;+ 20,38 EUR de envío estimado;Vendidos  31 jul 2021Artículo vendido;desde Reino Unido;
Década de 1990 Bandai MMPR Mighty Morphin Power Rangers Verde Dragonzord megazord en caja;101,80 EUR;+ 52,49 EUR de envío estimado;Vendidos  25 jul 2021Artículo vendido;desde Reino Unido;
Vintage Mighty Morphin Power Rangers Blaster G1 + MMPR Morpher con monedas de 1991;53,82 EUR;+ 42,13 EUR de envío estimado;Vendidos  28 jun 2021Artículo vendido;desde Reino Unido;
Década de 1990 Bandai MMPR Mighty Morphin Power Rangers Shogun megazord Figura en caja;65,52 EUR;+ 51,82 EUR de envío estimado;Vendidos  25 jul 2021Artículo vendido;desde Reino Unido;
Legado Dragonzord-Mighty Morphin Power Rangers-power Rangers-Bandai Venta;467,44 EUR;+ 43,99 EUR de envío estimado;Vendidos  7 jul 2021Artículo vendido;desde Reino Unido;
