Vintage Nintendo GameBoy Ganbare Goemon Sarawareta Ebisumaru * Importado Japonés *;5,62 EUR;+ 16,55 EUR de envío estimado;Vendidos  29 jul 2021Artículo vendido;desde Reino Unido;
Ganbare Goemon Japón Nintendo Gameboy;5,85 EUR;+ 16,56 EUR de envío estimado;Vendidos  22 jul 2021Artículo vendido;desde Reino Unido;
Ganbare Goemon: Sarawareta Ebisumaru! en Caja + Manual Japón Ver Nintendo GameBoy;20,30 EUR;+ 3,51 EUR de envío;Vendidos  14 sep 2021Artículo vendido;desde Estados Unidos;
Ganbare Goemon Game Boy Advance GBA Japón versión Famicom Mini;9,30 EUR;+ 21,15 EUR de envío;Vendidos  13 sep 2021Artículo vendido;desde Japón;
Ganbare Goemon Game Boy Advance GBA Japón versión Famicom Mini;9,30 EUR;+ 21,15 EUR de envío;Vendidos  20 ago 2021Artículo vendido;desde Japón;
Ganbare Goemon Tengu Tou no Gyakushu Completo Conjunto! Japón Nintendo Gameboy GB Muy Bueno +;12,52 EUR;+ 7,44 EUR de envío;Vendidos  20 ago 2021Artículo vendido;desde Japón;
Nintendo Game Boy GB Ganbare Goemon-kurofunetou no Nazo Japón ver vendedor de Estados Unidos;7,18 EUR;+ 3,38 EUR de envío;Vendidos  16 ago 2021Artículo vendido;desde Estados Unidos;
Ganbare Goemon Ebisumaru Nintendo Gameboy GB Japón importación místico Ninja;8,45 EUR;+ 3,55 EUR de envío;Vendidos  10 ago 2021Artículo vendido;desde Estados Unidos;
Complete Ganbare Goemon Tengu-Tou Juego Boy japonés Importado GB Japón jp Vendedor de Estados Unidos;23,68 EUR;Envío gratis;Vendidos  7 ago 2021Artículo vendido;desde Estados Unidos;
Ganbare Goemon Mystical Ninja Cartucho sólo juego Boy Japón importación Vendedor de Estados Unidos;10,14 EUR;Envío gratis;Vendidos  25 jul 2021Artículo vendido;desde Estados Unidos;
Ganbare Goemon Mystical Ninja GAMEBOY GB Konami Japón completa;84,58 EUR;+ 12,69 EUR de envío;Vendidos  16 jul 2021Artículo vendido;desde Tailandia;
Nintendo GBA Game Boy Advance juego FAMICOM MINI Ganbare Goemon Japón Importación;16,92 EUR;+ 3,38 EUR de envío;Vendidos  5 jul 2021Artículo vendido;desde Japón;
Ganbare Goemon Ebisumaru Mystical Ninja Nintendo Gameboy GB Importado De Japón MC469;8,45 EUR;Envío gratis;Vendidos  19 jun 2021Artículo vendido;desde Estados Unidos;
Ganbare Goemon Yuki Hime KYUUSHUTSU EMAKI Japón Nintendo Super Famicom Sfc Juego;10,95 EUR;+ 8,42 EUR de envío;Vendidos  15 ago 2021Artículo vendido;desde Países Bajos;
