Marble Madness - Game Boy - PAL - FRA;6,00 EUR;+¬†4,00 EUR de env√≠o;Vendidos  12 sep 2021Art√≠culo vendido;desde Francia;
Marble Madness Nintendo Gameboy Color Juego;19,88 EUR;Env√≠o no especificado;Vendidos  2 sep 2021Art√≠culo vendido;desde Reino Unido;
Marble Madness | Gameboy Color üïπ | Excellent Condition!;7,00 EUR;+¬†3,50 EUR de env√≠o;Vendidos  28 ago 2021Art√≠culo vendido;desde Pa√≠ses Bajos;
Marble Madness para Nintendo Gameboy * cib * mario * Tetris * Donkey Kong * Atari * Arcade ***;12,00 EUR;Env√≠o no especificado;Vendidos  22 ago 2021Art√≠culo vendido;desde Alemania;
Marble Madness Game Boy FAH ;10,00 EUR;Env√≠o internacional gratis;Vendidos  9 ago 2021Art√≠culo vendido;desde Francia;
Marble Madness - Game Boy - PAL - FRA;3,00 EUR;+¬†4,00 EUR de env√≠o;Vendidos  4 ago 2021Art√≠culo vendido;desde Francia;
Marble Madness nuevo gameboy VGA sealed Nintendo;101,00 EUR;Env√≠o no especificado;Vendidos  18 jul 2021Art√≠culo vendido;desde Alemania;
Game Boy Advance Marble Madness KLAX;11,17 EUR;+¬†6,77 EUR de env√≠o;Vendidos  18 jul 2021Art√≠culo vendido;desde Italia;
Marble Madness & KLAX-Nintendo Gameboy Advance GBA-Juego Original solo carro;6,96 EUR;+ 16,54 EUR de env√≠o estimado;Vendidos  10 jul 2021Art√≠culo vendido;desde Reino Unido;
Marble Madness Game Boy SCN ;10,00 EUR;Env√≠o internacional gratis;Vendidos  5 jul 2021Art√≠culo vendido;desde Francia;
Marble Madness/KLAX (Nintendo Game Boy Advance, 2005) Nueva Sellado de f√°brica;10,15 EUR;Env√≠o gratis;Vendidos  15 sep 2021Art√≠culo vendido;desde Estados Unidos;
Marble Madness Nintendo Game Boy Cartucho en Caja Completo Casi Nuevo Con Envoltorio intacta;59,23 EUR;+¬†9,31 EUR de env√≠o;Vendidos  14 sep 2021Art√≠culo vendido;desde Estados Unidos;
Marble Madness Nintendo Game Boy Color 1999 Nuevo y sellado de f√°brica;16,91 EUR;+¬†3,38 EUR de env√≠o;Vendidos  13 sep 2021Art√≠culo vendido;desde Estados Unidos;
Marble Madness Klax (Nintendo Gameboy Advance, 2005) Cart Only GBA Game Boy;4,01 EUR;+¬†2,68 EUR de env√≠o;Vendidos  13 sep 2021Art√≠culo vendido;desde Canad√°;
Marble Madness-Nintendo Game Boy Gameboy * Completo En Caja Completo En Caja *;33,84 EUR;Env√≠o gratis;Vendidos  12 sep 2021Art√≠culo vendido;desde Estados Unidos;
Marble Madness Cartucho De Juego-NINTENDO GAME Chico + Color o ADVANCE;6,63 EUR;Env√≠o gratis;Vendidos  10 sep 2021Art√≠culo vendido;desde Estados Unidos;
Marble Madness (Nintendo Game Boy) solo carro Probado;8,45 EUR;+¬†3,64 EUR de env√≠o;Vendidos  8 sep 2021Art√≠culo vendido;desde Estados Unidos;
Marble Madness (Nintendo Game Boy);9,73 EUR;+¬†3,38 EUR de env√≠o;Vendidos  8 sep 2021Art√≠culo vendido;desde Estados Unidos;
Marble Madness/KLAX Nintendo Game Boy Advance Video Juego Carro;6,54 EUR;Env√≠o gratis;Vendidos  7 sep 2021Art√≠culo vendido;desde Estados Unidos;
Marble Madness/KLAX (Nintendo Game Boy Advance, 2005);8,45 EUR;Env√≠o gratis;Vendidos  4 sep 2021Art√≠culo vendido;desde Estados Unidos;
Marble Madness-aut√©ntico-NINTENDO GAME BOY GB-Solo Manual!;5,20 EUR;Env√≠o gratis;Vendidos  2 sep 2021Art√≠culo vendido;desde Estados Unidos;
Marble Madness/KLAX (Nintendo Game Boy Advance, 2005) Vendedor de EE. UU.;14,80 EUR;+¬†4,32 EUR de env√≠o;Vendidos  2 sep 2021Art√≠culo vendido;desde Estados Unidos;
Marble Madness/KLAX (Nintendo Game Boy Advance, 2005);2,53 EUR;+¬†7,23 EUR de env√≠o;Vendidos  26 ago 2021Art√≠culo vendido;desde Estados Unidos;
Marble Madness/Barbie Genie/X-men Nintendo Game Boy Color Aut√©ntico Probado;9,29 EUR;+¬†4,44 EUR de env√≠o;Vendidos  25 ago 2021Art√≠culo vendido;desde Estados Unidos;
Marble Madness Nintendo Game Boy Cartucho en Caja Completa;38,06 EUR;Env√≠o gratis;Vendidos  23 ago 2021Art√≠culo vendido;desde Estados Unidos;
Marble Madness/KLAX (Nintendo Game Boy Advance, 2005);7,61 EUR;Env√≠o gratis;Vendidos  19 ago 2021Art√≠culo vendido;desde Estados Unidos;
Marble Madness Game Boy Color Nuevo Juego Boy Advance;18,18 EUR;Env√≠o gratis;Vendidos  18 ago 2021Art√≠culo vendido;desde Estados Unidos;
Marble Madness & KLAX (Nintendo Gameboy Game Boy Advance GBA) solo carro;5,91 EUR;Env√≠o gratis;Vendidos  18 ago 2021Art√≠culo vendido;desde Estados Unidos;
Marble Madness (Nintendo Game Boy) completo con caja manual juego funciona!;31,73 EUR;Env√≠o gratis;Vendidos  15 ago 2021Art√≠culo vendido;desde Estados Unidos;
Marble Madness/Klax Para Nintendo Game Boy Advance! env√≠o r√°pido!;5,88 EUR;Env√≠o gratis;Vendidos  14 ago 2021Art√≠culo vendido;desde Estados Unidos;
Nos Marble Madness/KLAX GBA Game Boy Advance FS da√±os Caja Sellada de F√°brica!!!;16,91 EUR;Env√≠o gratis;Vendidos  13 ago 2021Art√≠culo vendido;desde Estados Unidos;
Marble Madness KLAX Nintendo Game Boy Advance 2005 CIB Completo Gba Sp;10,99 EUR;Env√≠o gratis;Vendidos  10 ago 2021Art√≠culo vendido;desde Estados Unidos;
Marble Madness Nintendo Game Boy-aut√©ntico Cartucho s√≥lo probado;7,19 EUR;+¬†3,77 EUR de env√≠o;Vendidos  10 ago 2021Art√≠culo vendido;desde Estados Unidos;
Marble Madness (Nintendo Game Boy);4,23 EUR;+¬†2,54 EUR de env√≠o;Vendidos  10 ago 2021Art√≠culo vendido;desde Estados Unidos;
Marble Madness (Nintendo Gameboy, 1989), s√≥lo cartucho;8,42 EUR;Env√≠o gratis;Vendidos  9 ago 2021Art√≠culo vendido;desde Estados Unidos;
Marble Madness (Nintendo Game Boy Color GBC) Nueva, Sellado De F√°brica;13,21 EUR;+¬†5,08 EUR de env√≠o;Vendidos  2 ago 2021Art√≠culo vendido;desde Estados Unidos;
Marble Madness/KLAX (Nintendo Game Boy Advance, 2005);4,39 EUR;+¬†5,50 EUR de env√≠o;Vendidos  2 ago 2021Art√≠culo vendido;desde Estados Unidos;
Marble Madness GameBoy Color con caja y tarjeta de inscripci√≥n;12,69 EUR;Env√≠o gratis;Vendidos  1 ago 2021Art√≠culo vendido;desde Estados Unidos;
Gameboy Advance Marble Madness/KLAX y Dodgeball;10,14 EUR;+¬†3,38 EUR de env√≠o;Vendidos  1 ago 2021Art√≠culo vendido;desde Estados Unidos;
Marble Madness Para Nintendo GameBoy-Nice! aut√©ntico!;8,41 EUR;Env√≠o gratis;Vendidos  27 jul 2021Art√≠culo vendido;desde Estados Unidos;
Marble Madness Para Game Boy GB Cartucho en Caja Completa;18,19 EUR;+¬†4,23 EUR de env√≠o;Vendidos  27 jul 2021Art√≠culo vendido;desde Estados Unidos;
Marble Madness KLAX Gameboy Advance cartucho de juego y solo manual;7,55 EUR;Env√≠o gratis;Vendidos  25 jul 2021Art√≠culo vendido;desde Estados Unidos;
Marble Madness (Nintendo Game Boy) probado y Funcionando Completo En Caja;32,15 EUR;+¬†4,95 EUR de env√≠o;Vendidos  25 jul 2021Art√≠culo vendido;desde Estados Unidos;
Marble Madness (Nintendo Game Boy Color, 1999) - Cartucho √∫nicamente;6,76 EUR;+¬†3,77 EUR de env√≠o;Vendidos  24 jul 2021Art√≠culo vendido;desde Estados Unidos;
Marble Madness Game Boy Color Nuevo Juego Boy Advance;18,18 EUR;Env√≠o gratis;Vendidos  24 jul 2021Art√≠culo vendido;desde Estados Unidos;
Nintendo GameBoy Color Estuche Con Bandeja Y probado Marble Madness juego;16,84 EUR;Env√≠o gratis;Vendidos  20 jul 2021Art√≠culo vendido;desde Estados Unidos;
Marble Madness/KLAX NINTENDO GAMEBOY ADVANCE GBA;2,54 EUR;+¬†2,79 EUR de env√≠o;Vendidos  16 jul 2021Art√≠culo vendido;desde Estados Unidos;
Marble Madness-Nintendo NES Game-versi√≥n Pal;3,74 EUR;+¬†10,52 EUR de env√≠o;Vendidos  21 ago 2021Art√≠culo vendido;desde Reino Unido;
SEGA Mega Drive Juego Marble Madness/en Caja Completo Con Manual UK/PAL 1991;8,86 EUR;+ 34,89 EUR de env√≠o estimado;Vendidos  20 ago 2021Art√≠culo vendido;desde Reino Unido;
Marble Madness-Nintendo NES Game-versi√≥n Pal;5,85 EUR;+¬†10,52 EUR de env√≠o;Vendidos  17 jul 2021Art√≠culo vendido;desde Reino Unido;
Marble Madness-Totalmente En Caja Nintendo NES Game-versi√≥n Pal;11,12 EUR;+¬†11,69 EUR de env√≠o;Vendidos  3 jul 2021Art√≠culo vendido;desde Reino Unido;
Marble Madness Sega Game Gear;