Nintendo Game Boy Pocket Consola + Tetris Blast;46,29 EUR;+ 60,49 EUR de env√≠o estimado;Vendidos  23 ago 2021Art√≠culo vendido;desde Reino Unido;
Tetris Blast para Nintendo GameBoy;10,99 EUR;Env√≠o no especificado;Vendidos  20 ago 2021Art√≠culo vendido;desde Alemania;
Nintendo Game Boy Color morado/p√∫rpura transparente + Tetris Blast juego;65,99 EUR;Env√≠o no especificado;Vendidos  31 jul 2021Art√≠culo vendido;desde Alemania;
Tetris Blast Nintendo Gameboy juego Game Boy OVP cib muy bien;39,90 EUR;Env√≠o no especificado;Vendidos  28 jul 2021Art√≠culo vendido;desde Alemania;
Tetris Blast Nintendo Gameboy Game Boy Juego Solo Carro-Excelente-Raro Juego;7,02 EUR;+ 16,54 EUR de env√≠o estimado;Vendidos  26 jun 2021Art√≠culo vendido;desde Reino Unido;
Vintage Nintendo Game Boy Juego. Tetris Blast.;5,84 EUR;+ 17,82 EUR de env√≠o estimado;Vendidos  25 jun 2021Art√≠culo vendido;desde Reino Unido;
Gameboy * Tetris Blast * DMG-asbp-noe * cib * Nintendo * Game Boy!!!!!!;22,50 EUR;Env√≠o no especificado;Vendidos  20 jun 2021Art√≠culo vendido;desde Alemania;
Tetris Blast Cartucho De Juego-NINTENDO GAME Chico + Color o ADVANCE;8,33 EUR;Env√≠o gratis;Vendidos  16 sep 2021Art√≠culo vendido;desde Estados Unidos;
Tetris Blast Nintendo Gameboy;4,96 EUR;+¬†3,38 EUR de env√≠o;Vendidos  13 sep 2021Art√≠culo vendido;desde Estados Unidos;
Tetris Blast-juego BOY Gameboy-Gran Etiqueta-a93;4,23 EUR;+¬†3,68 EUR de env√≠o;Vendidos  13 sep 2021Art√≠culo vendido;desde Estados Unidos;
Nintendo Game Boy Tetris Blast Cartucho s√≥lo ex funciona muy bien;8,94 EUR;+¬†2,75 EUR de env√≠o;Vendidos  13 sep 2021Art√≠culo vendido;desde Estados Unidos;
Tetris Blast Gameboy;4,02 EUR;+¬†3,47 EUR de env√≠o;Vendidos  2 sep 2021Art√≠culo vendido;desde Estados Unidos;
Tetris Blast Con Manual (Nintendo Game Boy aut√©ntico, 1996);10,14 EUR;Env√≠o gratis;Vendidos  2 sep 2021Art√≠culo vendido;desde Estados Unidos;
Tetris Blast (Nintendo Game Boy, 1996) completo con caja manual juego funciona!;20,31 EUR;Env√≠o gratis;Vendidos  29 ago 2021Art√≠culo vendido;desde Estados Unidos;
Tetris Blast Gameboy Original Game Cartridge PAL;12,37 EUR;+¬†15,50 EUR de env√≠o;Vendidos  28 ago 2021Art√≠culo vendido;desde Australia;
Tetris Blast (Nintendo Game Boy, 1996) Nueva. Sellado!!!;126,91 EUR;+¬†4,15 EUR de env√≠o;Vendidos  28 ago 2021Art√≠culo vendido;desde Estados Unidos;
Tetris Blast, Nintendo Game Boy, 1996, carro de juego solamente, Probado;6,35 EUR;+¬†3,38 EUR de env√≠o;Vendidos  24 ago 2021Art√≠culo vendido;desde Estados Unidos;
Tetris Blast (Nintendo Game Boy, 1996) completo con caja manual juego funciona!;16,85 EUR;Env√≠o gratis;Vendidos  22 ago 2021Art√≠culo vendido;desde Estados Unidos;
Tetris Blast (Nintendo Gameboy, 1996);16,72 EUR;+¬†2,01 EUR de env√≠o;Vendidos  18 ago 2021Art√≠culo vendido;desde Canad√°;
Nintendo Gameboy Paquete Tetris Blast & Wordtris Con Estuche;10,57 EUR;+¬†5,03 EUR de env√≠o;Vendidos  17 ago 2021Art√≠culo vendido;desde Estados Unidos;
Tetris Blast Nintendo Game Boy Video Juego Carro;10,12 EUR;Env√≠o gratis;Vendidos  11 ago 2021Art√≠culo vendido;desde Estados Unidos;
Tetris Blast Nintendo Gameboy cartel 1995;55,00 EUR;+¬†10,14 EUR de env√≠o;Vendidos  8 ago 2021Art√≠culo vendido;desde Estados Unidos;
Tetris Blast & Super Breakout NINTENDO Original GAMEBOY Juego probado + de trabajo;5,07 EUR;+¬†3,38 EUR de env√≠o;Vendidos  4 ago 2021Art√≠culo vendido;desde Estados Unidos;
Tetris Blast (Nintendo Game Boy, probado 1996) +! Funcionando!;7,61 EUR;+¬†3,51 EUR de env√≠o;Vendidos  28 jul 2021Art√≠culo vendido;desde Estados Unidos;
Tetris Blast Nintendo Game Boy üíØ% Cartucho en Caja Completo Con Claro Protector;67,67 EUR;Env√≠o gratis;Vendidos  27 jul 2021Art√≠culo vendido;desde Estados Unidos;
Tetris Blast (Nintendo Game Boy, 1996);3,38 EUR;+¬†3,51 EUR de env√≠o;Vendidos  26 jul 2021Art√≠culo vendido;desde Estados Unidos;
Tetris Blast Nintendo Game Boy Video Juego Cartucho;8,25 EUR;Env√≠o gratis;Vendidos  20 jul 2021Art√≠culo vendido;desde Estados Unidos;
Tetris Blast (Nintendo Game Boy, probado 1996) +! Funcionando!;7,61 EUR;+¬†3,51 EUR de env√≠o;Vendidos  15 jul 2021Art√≠culo vendido;desde Estados Unidos;
Tetris Blast Nintendo Game Boy Video Juego Cartucho;8,45 EUR;+¬†6,67 EUR de env√≠o;Vendidos  10 jul 2021Art√≠culo vendido;desde Estados Unidos;
Original Nintendo Gameboy Tetris Blast Video Juego CARTUCHO solo Probado Funciona;9,94 EUR;Env√≠o gratis;Vendidos  9 jul 2021Art√≠culo vendido;desde Estados Unidos;
Tetris Blast (Nintendo Gameboy GB) solo carro juego Boy probado Raro;8,79 EUR;Env√≠o gratis;Vendidos  4 jul 2021Art√≠culo vendido;desde Estados Unidos;
Tetris, Tetris 2 & Tetris Blast Lote de 3 Juegos-Nintendo Game Boy;21,96 EUR;Env√≠o gratis;Vendidos  4 jul 2021Art√≠culo vendido;desde Estados Unidos;
Tetris Blast (Nintendo Game Boy, 1996) Raro;5,51 EUR;+¬†4,23 EUR de env√≠o;Vendidos  26 jun 2021Art√≠culo vendido;desde Estados Unidos;
Tetris Blast (Nintendo Game Boy NGB, 1996) * solo carro * Aut√©ntico probado con Caja!;8,88 EUR;Env√≠o gratis;Vendidos  25 jun 2021Art√≠culo vendido;desde Estados Unidos;
*** Tetris Blast (Nintendo Game Boy probado/Aut√©ntico, 1996);2,75 EUR;+¬†3,38 EUR de env√≠o;Vendidos  25 jun 2021Art√≠culo vendido;desde Estados Unidos;
Tetris Blast (Nintendo Game Boy, 1996) cartucho s√≥lo probado;8,45 EUR;Env√≠o gratis;Vendidos  23 jun 2021Art√≠culo vendido;desde Estados Unidos;
Tetris Blast Con Manual (Nintendo Game Boy probado/Aut√©ntico, 1996);9,31 EUR;Env√≠o gratis;Vendidos  21 jun 2021Art√≠culo vendido;desde Estados Unidos;
Tetris Blast (Nintendo Game Boy, 1996) sin juego; s√≥lo Caja;7,19 EUR;+¬†3,38 EUR de env√≠o;Vendidos  20 jun 2021Art√≠culo vendido;desde Estados Unidos;
