Juego Nintendo Game Boy Beetlejuice ORIGINAL ;25,00 EUR;Envío no especificado;desde España;
Beetlejuice Usa Nintendo Game Boy Solo Cartuccia Gioco 100x100 Original;49,90 EUR;+ 16,00 EUR de envío;desde Italia;
Nintendo Gameboy juego-Beetlejuice-Embalaje original-us-rar raras-Top;369,90 EUR;Envío no especificado;desde Alemania;
GB-Beetlejuice Nintendo Gameboy Game Boy solo carro;63,35 EUR;Envío gratis;desde Estados Unidos;
Beetlejuice print ad Game Boy Arte Cartel Promo Oficial Nintendo Nes Ljn anuncio;7,60 EUR;+ 4,22 EUR de envío;desde Estados Unidos;
Beetlejuice Game Boy Folleto de instrucciones;42,30 EUR;+ 2,54 EUR de envío;desde Estados Unidos;
Beetlejuice (Nintendo Game Boy) Perfecto Estado-etiqueta es excelente condición;84,59 EUR;Envío gratis;desde Estados Unidos;
Beetlejuice (Nintendo Game Boy) Carro de juego de Estados Unidos solamente! auténtico;61,74 EUR;Envío gratis;desde Estados Unidos;
Beetlejuice video juego fueran print ad Nintendo Game Boy Publicidad 1991;7,60 EUR;+ 4,31 EUR de envío;desde Estados Unidos;
1992 GB video juego ad página ~ Beetlejuice;5,07 EUR;+ 5,03 EUR de envío;desde Estados Unidos;
1991 Vintage 6.5x10 Comic publicidad impresa para Ljn Nes Nintendo Game Boy "Beetlejuice";8,42 EUR;+ 3,77 EUR de envío;desde Estados Unidos;
Beetlejuice 1991 GB Enmarcado 11x14 Original Publicidad Vintage;29,60 EUR;+ 13,53 EUR de envío;desde Estados Unidos;
Beetlejuice Gameboy manual;54,94 EUR;+ 2,70 EUR de envío;desde Estados Unidos;
Beetlejuice Nintendo Game Boy Fridge Magnet;2,18 EUR;+ 2,47 EUR de envío;desde España;
Beetlejuice Nintendo Game Boy Fridge Magnet Magnete Frigorifero;2,22 EUR;+ 2,50 EUR de envío;desde España;
Beetlejuice Nintendo Game Boy Fridge Magnet Aimant Frigo;2,18 EUR;+ 2,50 EUR de envío;desde España;
Beetlejuice Nintendo Game Boy FRIDGE MAGNET;2,18 EUR;+ 2,51 EUR de envío;desde España;
