9 Nintendo Game Boy juegos colecci√≥n gb s√≥lo m√≥dulos Tetris Attack Dr. mario Yoshi;99,90 EUR;+¬†4,90 EUR de env√≠o;desde Alemania;
Tetris Attack Para Nintendo Game Boy Con Estuche Oficial;21,05 EUR;+ 16,80 EUR de env√≠o estimado;desde Reino Unido;
Tetris Attack Nintendo Game Boy Color Advance Juego Completo En Caja Original Raro;70,15 EUR;+ 26,51 EUR de env√≠o estimado;desde Reino Unido;
Nintendo Game Boy Tetris Attack EUR Bon √©tat;12,90 EUR;+¬†11,98 EUR de env√≠o;desde Francia;
NINTENDO GAME BOY-Tetris Attack (en Caja);46,74 EUR;Env√≠o internacional gratis;desde Reino Unido;
Tetris Attack | With Manual | GameBoy üïπ Excellent Condition!;16,00 EUR;+¬†5,00 EUR de env√≠o;desde Pa√≠ses Bajos;
Tetris Attack video juego Nintendo Game Boy Probado en Caja;23,34 EUR;+¬†17,55 EUR de env√≠o;desde Reino Unido;
Game Boy Tetris Attack;29,24 EUR;+ 16,95 EUR de env√≠o estimado;desde Reino Unido;
Game Boy Tetris Attack CIB muy limpio UK Libre Post;26,90 EUR;+ 16,91 EUR de env√≠o estimado;desde Reino Unido;
Ataque de Tetris (Tetris Attack) Nintendo Gameboy ? M√≥dulo solamente ? Game Boy;12,90 EUR;+¬†5,99 EUR de env√≠o;desde Alemania;
Nintendo Gameboy juego-Tetris Attack-Embalaje original-Top-Pal;44,90 EUR;Env√≠o no especificado;desde Alemania;
Nintendo Gameboy Juegos + Manual Tetris, Tetris 2, Tetris Attack;25,23 EUR;+ 16,88 EUR de env√≠o estimado;desde Reino Unido;
Tetris Attack Nintendo Game Boy Color Advance Juego Solo Carro Genuino Rompecabezas;19,83 EUR;+ 16,78 EUR de env√≠o estimado;desde Reino Unido;
Tetris Attack Para Nintendo Game Boy-GBA;58,49 EUR;+¬†28,08 EUR de env√≠o;desde Reino Unido;
Tetris Attack - Nintendo GameBoy - NGB;8,96 EUR;+¬†19,95 EUR de env√≠o;desde Pa√≠ses Bajos;
Nintendo Gameboy Tetris Attack;29,24 EUR;+ 16,95 EUR de env√≠o estimado;desde Reino Unido;
Tetris Attack NUKV - Nintendo GameBoy - NGB;40,45 EUR;+¬†19,95 EUR de env√≠o;desde Pa√≠ses Bajos;
Gb-Tetris Attack para Nintendo GameBoy;12,95 EUR;+¬†6,50 EUR de env√≠o;desde Alemania;
Nintendo GameBoy Juego Tetris Attack En Caja Perfecto Estado;43,28 EUR;Env√≠o internacional gratis;desde Alemania;
Nintendo GameBoy Juego-Tetris Attack En Caja Perfecto Estado;38,91 EUR;Env√≠o internacional gratis;desde Alemania;
Nintendo GameBoy gioco - Tetris Attack nell'imballaggio usato COME NUOVO;48,99 EUR;+¬†69,99 EUR de env√≠o;desde Alemania;
Nintendo GameBoy juego - Tetris Attack en el embalaje usado COMO NUEVO;48,99 EUR;+¬†69,99 EUR de env√≠o;desde Alemania;
Nintendo GameBoy jeu - Tetris Attack dans l'emballage utilis√© COMME NEUF;46,99 EUR;+¬†69,99 EUR de env√≠o;desde Alemania;
Nintendo Gameboy Solo Manual-Tetris Attack;7,32 EUR;+ 16,56 EUR de env√≠o estimado;desde Reino Unido;
Tetris Attack-Game Boy-M√≥dulo de juego-Nintendo-GameBoy expositor estado;14,49 EUR;Env√≠o no especificado;desde Alemania;
Tetris Attack-Nintendo Game Boy Game-m√≥dulo alem√°n PAL;9,99 EUR;Env√≠o no especificado;desde Alemania;
Tetris Attack-GameBoy Classic-embalaje original/cib/boxed-pal/noe-Top estado;49,99 EUR;Env√≠o no especificado;desde Alemania;
Tetris Attack f√ºr Nintendo Game Boy - GB - nur Modul;12,90 EUR;Env√≠o no especificado;desde Austria;
Tetris Attack-Nintendo Gameboy juego;8,99 EUR;Env√≠o no especificado;desde Alemania;
Gb Tetris Attack Nintendo Gameboy m√≥dulo top retro;15,99 EUR;Env√≠o no especificado;desde Alemania;
Tetris Y Tetris Attack Nintendo Gameboy Juego X 2 Cartuchos De Colecci√≥n Retro;23,40 EUR;Env√≠o no especificado;desde Reino Unido;
Nintendo GameBoy game - Tetris Attack boxed  MINT CONDITION;43,47 EUR;+¬†53,51 EUR de env√≠o;desde Alemania;
