Alfred Chicken – Nintendo GameBoy de módulo;4,00 EUR;+ 45,00 EUR de envío;Vendidos  27 jun 2021Artículo vendido;desde Alemania;
Nintendo Gameboy el ratón & Alfred Chicken OVP;23,59 EUR;+ 10,00 EUR de envío;Vendidos  26 jun 2021Artículo vendido;desde Alemania;
Gb-Alfred Chicken para Nintendo GameBoy;6,95 EUR;+ 6,50 EUR de envío;Vendidos  17 jun 2021Artículo vendido;desde Alemania;
Notice Nintendo Gameboy - GB - Alfred Chicken - DMG-C3-UKV + Notice FR;8,00 EUR;+ 8,00 EUR de envío;Vendidos  28 may 2021Artículo vendido;desde Francia;
Alfred Chicken ** Gameboy ** envío rápido **;6,90 EUR;+ 14,90 EUR de envío;Vendidos  15 may 2021Artículo vendido;desde Alemania;
Nintendo Gameboy gb juego Alfred Chicken colección pal 100% función original;6,99 EUR;+ 3,70 EUR de envío;Vendidos  27 abr 2021Artículo vendido;desde Alemania;
Nintendo Game Boy PAL Alfred Chicken 1631;8,48 EUR;Envío gratis;Vendidos  6 jul 2021Artículo vendido;desde Reino Unido;
** Alfred Chicken Cartucho Caja Y Manual-auténticas (Nintendo Game Boy) Gameboy;26,27 EUR;+ 30,24 EUR de envío estimado;Vendidos  26 jun 2021Artículo vendido;desde Estados Unidos;
Alfred Chicken Nintendo NES juego completo en box probado poster Box Protector;254,24 EUR;+ 21,61 EUR de envío;Vendidos  24 may 2021Artículo vendido;desde Estados Unidos;
Nintendo Game Boy Juego Alfred Chicken;2,57 EUR;+ 12,84 EUR de envío estimado;Vendidos  18 abr 2021Artículo vendido;desde Reino Unido;
