Batman: The Video Game 1990s Juego Boy Cartucho sólo probado en muy buena condición gastos de envío gratis;11,54 EUR;+ 16,65 EUR de envío estimado;Vendidos  22 ago 2021Artículo vendido;desde Reino Unido;
Batman: The Video Game (1990, Nintendo Gameboy) PAL;23,44 EUR;+ 20,97 EUR de envío estimado;Vendidos  15 jul 2021Artículo vendido;desde Reino Unido;
Batman: The Video Game (Nintendo Game Boy, 1990) cartucho sólo Etiqueta agradable;15,22 EUR;+ 2,53 EUR de envío;Vendidos  6 sep 2021Artículo vendido;desde Estados Unidos;
Batman: The Video Game (Nintendo Game Boy probado auténtico, 1990);21,14 EUR;+ 3,76 EUR de envío;Vendidos  2 sep 2021Artículo vendido;desde Estados Unidos;
Batman: The Video Game (Nintendo Game Boy, 1990);12,68 EUR;+ 3,47 EUR de envío;Vendidos  31 ago 2021Artículo vendido;desde Estados Unidos;
Batman: The Video Game (Nintendo Game Boy, 1990);13,53 EUR;+ 3,55 EUR de envío;Vendidos  31 ago 2021Artículo vendido;desde Estados Unidos;
Batman: The Video Game (Nintendo Game Boy, 1990) Auténtico Juego Y Manual Raro;21,14 EUR;Envío gratis;Vendidos  30 ago 2021Artículo vendido;desde Estados Unidos;
Batman: The Video Game (Nintendo Game Boy, 1990);5,92 EUR;+ 3,76 EUR de envío;Vendidos  27 ago 2021Artículo vendido;desde Estados Unidos;
Batman: The Video Game Nintendo Juego Original Boy Probado Funcionando & Auténtico;13,49 EUR;Envío gratis;Vendidos  23 ago 2021Artículo vendido;desde Estados Unidos;
Batman: The Video Game Nintendo Boy probado trabajando + Juego Original & Auténtico!;21,14 EUR;Envío gratis;Vendidos  21 ago 2021Artículo vendido;desde Estados Unidos;
Batman: The Video Game (Nintendo Game Boy, 1990);6,09 EUR;+ 3,55 EUR de envío;Vendidos  11 ago 2021Artículo vendido;desde Estados Unidos;
