Bubble Bobble-NINTENDO Game Boy Usa NSTC-Gameboy-raro usado genuino;15,22 EUR;+ 11,72 EUR de envío;Vendidos  14 sep 2021Artículo vendido;desde Reino Unido;
Bubble Bobble viejos y nuevos Gameboy Advance Juego! busque en la tienda!;14,06 EUR;+ 19,04 EUR de envío estimado;Vendidos  9 sep 2021Artículo vendido;desde Reino Unido;
Nintendo Gameboy Advance juego-Bubble Bobble old & NEW (módulo);29,99 EUR;+ 67,99 EUR de envío;Vendidos  2 sep 2021Artículo vendido;desde Alemania;
Nintendo Game Boy Classic juego Bubble Bobble módulo Noe;19,90 EUR;+ 8,99 EUR de envío;Vendidos  28 ago 2021Artículo vendido;desde Alemania;
Bubble Bobble DMG-B2A cartucho Gameboy GB Japan leer;14,95 EUR;+ 8,95 EUR de envío;Vendidos  11 ago 2021Artículo vendido;desde España;
Bubble Bobble Part 2 Game Boy PAL EUR (no Usa);45,97 EUR;Envío no especificado;Vendidos  5 ago 2021Artículo vendido;desde Italia;
Bubble Bobble viejos y nuevos Taito Para Nintendo Gameboy Advance Gba Reino Unido original;15,22 EUR;+ 16,72 EUR de envío estimado;Vendidos  3 ago 2021Artículo vendido;desde Reino Unido;
Bubble Bobble Manuel - Instruction Booklet Game Boy SCN ;10,00 EUR;Envío internacional gratis;Vendidos  30 jul 2021Artículo vendido;desde Francia;
NINTENDO GAMEBOY ADVANCE-Bubble Bobble VIEJO & NUEVO-Free UK Post;14,05 EUR;+ 16,70 EUR de envío estimado;Vendidos  28 jul 2021Artículo vendido;desde Reino Unido;
Genuine NINTENDO GAME BOY ADVANCE GBA Juego Bubble Bobble con caja y manual en muy buena condición;40,95 EUR;+ 17,19 EUR de envío estimado;Vendidos  28 jul 2021Artículo vendido;desde Reino Unido;
Bubble Bobble Nintendo Gameboy Genuino;17,58 EUR;+ 16,77 EUR de envío estimado;Vendidos  28 jul 2021Artículo vendido;desde Reino Unido;
NINTENDO GAMEBOY COLOR: Clásico Bubble Bobble videojuego-UK;11,66 EUR;+ 16,66 EUR de envío estimado;Vendidos  22 jul 2021Artículo vendido;desde Reino Unido;
Bubble Bobble viejos y nuevos Taito Para Nintendo Gameboy Advance;11,71 EUR;+ 17,58 EUR de envío;Vendidos  6 jul 2021Artículo vendido;desde Reino Unido;
Bubble Bobble juego solamente-NINTENDO Gameboy Advance 719a;15,26 EUR;Envío gratis;Vendidos  6 sep 2021Artículo vendido;desde Estados Unidos;
Bubble Bobble parte 2 (Nintendo Game Boy, 1993);38,06 EUR;Envío gratis;Vendidos  2 sep 2021Artículo vendido;desde Estados Unidos;
Bubble Bobble VIEJO & NUEVO Nintendo Game Boy Advance * Auténtico y ahorra *;28,74 EUR;Envío gratis;Vendidos  1 sep 2021Artículo vendido;desde Estados Unidos;
Bubble Bobble Nintendo Game Boy Color GBC auténtico y probado! buen ESTADO!;24,53 EUR;+ 4,95 EUR de envío;Vendidos  31 ago 2021Artículo vendido;desde Estados Unidos;
Bubble Bobble: VIEJO & NUEVO Nintendo Game Boy Advance GBA auténtico Probado Usado;26,60 EUR;Envío gratis;Vendidos  20 ago 2021Artículo vendido;desde Estados Unidos;
Bubble Bobble VIEJO & NUEVO-auténtico-Nintendo Game Boy Advance-Manual Solamente!;10,78 EUR;Envío gratis;Vendidos  17 ago 2021Artículo vendido;desde Estados Unidos;
Nintendo Gameboy Manual Authentic Bubble Bobble Classic;11,34 EUR;+ 3,34 EUR de envío;Vendidos  15 ago 2021Artículo vendido;desde Canadá;
Bubble Bobble parte 2-Nintendo Game Boy-Excelente Estado-Probado Y Funcionando;42,29 EUR;Envío gratis;Vendidos  15 ago 2021Artículo vendido;desde Estados Unidos;
Bubble Bobble Nintendo Game Boy Gameboy auténtico, Cartucho Envío Gratis Probado;15,65 EUR;Envío gratis;Vendidos  14 ago 2021Artículo vendido;desde Estados Unidos;
Bubble Bobble Nintendo Gameboy. 1991. Original Authentic. Tested. ;17,35 EUR;+ 5,00 EUR de envío;Vendidos  13 ago 2021Artículo vendido;desde Canadá;
Solo Manual Bubble Bobble Gameboy 100% Originales Auténticos 1991 libro de instrucciones;11,74 EUR;Envío gratis;Vendidos  12 ago 2021Artículo vendido;desde Estados Unidos;
Bubble Bobble (Nintendo Game Boy, 1991);23,69 EUR;+ 3,76 EUR de envío;Vendidos  10 ago 2021Artículo vendido;desde Estados Unidos;
Bubble Bobble Nintendo Game Boy limpiado & probado Auténtico;21,14 EUR;Envío gratis;Vendidos  10 ago 2021Artículo vendido;desde Estados Unidos;
Bubble Bobble 2 Nintendo Gameboy Publicidad Promo Auténtico Original 1993;8,45 EUR;Envío gratis;Vendidos  2 ago 2021Artículo vendido;desde Estados Unidos;
Bubble Bobble VIEJO & NUEVO Japón Nintendo Game Boy GBA Japón importación región libre;25,37 EUR;Envío gratis;Vendidos  29 jul 2021Artículo vendido;desde Estados Unidos;
Bubble Bobble nuevos y viejos Nintendo Game Boy Advance Video Juego Carro;22,13 EUR;Envío gratis;Vendidos  28 jul 2021Artículo vendido;desde Estados Unidos;
⭐⭐ ⭐⭐ auténtico Bubble Bobble parte 2-NINTENDO GAMEBOY GB Juego ⭐⭐⭐⭐⭐⭐⭐⭐⭐⭐⭐⭐⭐⭐⭐⭐;28,74 EUR;Envío gratis;Vendidos  26 jul 2021Artículo vendido;desde Estados Unidos;
Bubble Bobble Nintendo GameBoy auténtico Probado Funciona Gameboy 1991 Con Estuche;17,76 EUR;+ 3,76 EUR de envío;Vendidos  26 jul 2021Artículo vendido;desde Estados Unidos;
Clásico Bubble Bobble (Nintendo Game Boy Color, 1999) solo carro, Probado;12,69 EUR;+ 3,76 EUR de envío;Vendidos  26 jul 2021Artículo vendido;desde Estados Unidos;
Bubble Bobble parte 2 (1993), Nintendo Game Boy probado Auténtico;29,60 EUR;+ 3,38 EUR de envío;Vendidos  21 jul 2021Artículo vendido;desde Estados Unidos;
Bubble Bobble (Nintendo Game Boy, 1991) Auténtico Probado Funcionando;16,91 EUR;Envío gratis;Vendidos  21 jul 2021Artículo vendido;desde Estados Unidos;
Clásico Bubble Bobble (Nintendo Game Boy Color) * Auténtico * Cartucho de juego solamente;27,91 EUR;Envío gratis;Vendidos  21 jul 2021Artículo vendido;desde Estados Unidos;
Bubble Bobble (Nintendo Game Boy, Gameboy) Auténtico, sólo cartucho, envío gratuito;15,23 EUR;Envío gratis;Vendidos  13 jul 2021Artículo vendido;desde Estados Unidos;
NINTENDO GAMEBOY-Bubble Bobble 2 Juego Nuevo Sellado Vga 85+ Casi Nuevo +;2.199,38 EUR;Envío gratis;Vendidos  13 jul 2021Artículo vendido;desde Estados Unidos;
Clásico Bubble Bobble Nintendo Game Boy Color * Auténtico * gran condtion!;9,49 EUR;Envío gratis;Vendidos  9 jul 2021Artículo vendido;desde Estados Unidos;
Bubble Bobble (Nintendo Game Boy, 1990);21,15 EUR;+ 4,14 EUR de envío;Vendidos  9 jul 2021Artículo vendido;desde Estados Unidos;
Bubble Bobble (Nintendo Game Boy, 1991) Auténtico Probado Funciona;12,68 EUR;Envío gratis;Vendidos  4 jul 2021Artículo vendido;desde Estados Unidos;
Bubble Bobble: VIEJO & NUEVO-GameBoy Advance GBA-auténtico-solo Carro!;13,67 EUR;Envío gratis;Vendidos  30 jun 2021Artículo vendido;desde Estados Unidos;
Bubble Bobble parte 2 Nintendo Game Boy Folleto De Instrucciones Manual Solamente;16,91 EUR;Envío gratis;Vendidos  29 jun 2021Artículo vendido;desde Estados Unidos;
Bubble Bobble parte 2 (Japanese title: Bubble Bobble Junior) GameBoy boxed-d0628;109,97 EUR;+ 12,69 EUR de envío;Vendidos  28 jun 2021Artículo vendido;desde Japón;
Vintage Bubble Bobble auténtico Nintendo Gameboy Juego De Trabajo;13,49 EUR;Envío gratis;Vendidos  24 jun 2021Artículo vendido;desde Estados Unidos;
Cartucho De Juego Bubble Bobble NES (sólo) probado;14,05 EUR;+ 16,70 EUR de envío estimado;Vendidos  29 jun 2021Artículo vendido;desde Reino Unido;
Bubble Bobble Hit Squad Amiga Caja Grande Juego Completo Raro Retro Gaming ￼;11,71 EUR;+ 20,41 EUR de envío estimado;Vendidos  23 jul 2021Artículo vendido;desde Reino Unido;
Bubble Bobble 4 Amigos Nintendo Switch Juego Nuevo Sellado Ganga post rápido;35,15 EUR;+ 19,43 EUR de envío estimado;Vendidos  26 jun 2021Artículo vendido;desde Reino Unido;
Sega Master Sistema Juego-Bubble Bobble-Raro en Caja sin boxart;15,23 EUR;+ 20,47 EUR de envío estimado;Vendidos  9 ago 2021Artículo vendido;desde Reino Unido;
Taito Bubble Bobble IBM-PC XT en Tandy 1000 1989 juego de video, 5.25";117,12 EUR;+ 5,86 EUR de envío;Vendidos  7 sep 2021Artículo vendido;desde Reino Unido;
Bubble Bobble Revolución Nintendo ds juego;8,19 EUR;+ 18,35 EUR de envío estimado;Vendidos  18 jul 2021Artículo vendido;desde Reino Unido;
Bubble Bobble 4 amigos tbib el barón está de vuelta Nintendo Switch Juego;31,23 EUR;+ 17,01 EUR de envío estimado;Vendidos  1 sep 2021Artículo vendido;desde Reino Unido;
Bubble Bobble Revolución-Nintendo DS Juego-Completo con Manual;8,79 EUR;+ 16,60 EUR de envío estimado;Vendidos  5 sep 2021Artículo vendido;desde Reino Unido;
Bubble Bobble NES Nintendo Entertainment Sistema Juego Carro PAL UKV un;25,77 EUR;+ 19,21 EUR de envío estimado;Vendidos  27 ago 2021Artículo vendido;desde Reino Unido;
Bubble Bobble 4 amigos-Edición Especial (Nintendo Switch Juego, 2019) en muy buena condición UK;58,58 EUR;+ 21,61 EUR de envío estimado;Vendidos  25 jun 2021Artículo vendido;desde Reino Unido;
Commodore 64 Juego Bubble Bobble probado en muy buena condición el hit Squad;5,85 EUR;+ 18,43 EUR de envío estimado;Vendidos  2 sep 2021Artículo vendido;desde Reino Unido;
Nintendo NES en Caja Juego-Arco iris Islas Bubble Bobble 2;76,11 EUR;+ 22,56 EUR de envío estimado;Vendidos  18 ago 2021Artículo vendido;desde Reino Unido;
Bubble Bobble Sega Saturn Juegos De Consola De Video Juego Completo con Manual;29,28 EUR;+ 19,31 EUR de envío estimado;Vendidos  13 sep 2021Artículo vendido;desde Reino Unido;
Bubble Bobble Sinclair ZX Spectrum Cassette Tape Firebird Big Case Taito Game;29,99 EUR;+ 19,00 EUR de envío;Vendidos  7 jul 2021Artículo vendido;desde Italia;
Bubble Bobble Double Shot Ds juego/cartucho de juego solamente;8,96 EUR;+ 4,69 EUR de envío;Vendidos  6 sep 2021Artículo vendido;desde Reino Unido;
Bubble Bobble Revolución NINTENDO DS Juego UK PAL funciona todo DS DSI XL 2DS 3DS;11,41 EUR;+ 20,52 EUR de envío estimado;Vendidos  12 sep 2021Artículo vendido;desde Reino Unido;
PSP juego, Bubble Bobble evolución, Sony Playstation Portable, Con Manual;7,02 EUR;+ 16,57 EUR de envío estimado;Vendidos  21 ago 2021Artículo vendido;desde Reino Unido;
Bubble Bobble también con arco iris Islas-PlayStation 1-PS1 Juego;26,89 EUR;+ 9,37 EUR de envío;Vendidos  29 jul 2021Artículo vendido;desde Reino Unido;
Bubble Bobble PS1 Playstation 1 video juego Nr Perfecto estado UK release;23,38 EUR;+ 16,87 EUR de envío estimado;Vendidos  11 jul 2021Artículo vendido;desde Reino Unido;
Taito Bubble Bobble Promo Cassette COMMODORE 64/ZX SPECTRUM juego;3,50 EUR;+ 17,86 EUR de envío estimado;Vendidos  6 jul 2021Artículo vendido;desde Reino Unido;
Nintendo DS Juego Bubble Bobble Double Shot-Completo con manual en muy buena condición Gratis Reino Unido Pp;15,17 EUR;+ 16,72 EUR de envío estimado;Vendidos  14 jul 2021Artículo vendido;desde Reino Unido;
En Caja con Manual Sega Saturn Bubble Bobble con arco iris Islas Juego (PAL);23,42 EUR;+ 20,62 EUR de envío estimado;Vendidos  16 jul 2021Artículo vendido;desde Reino Unido;
Nintendo NES Juego-Bubble Bobble;29,29 EUR;+ 16,98 EUR de envío estimado;Vendidos  24 jul 2021Artículo vendido;desde Reino Unido;
Bubble Bobble Double Shot-Nintendo DS Juego-probado y trabajo LIBRE P&P!;9,36 EUR;+ 16,62 EUR de envío estimado;Vendidos  7 jul 2021Artículo vendido;desde Reino Unido;
Bubble Bobble-Commodore 64 juego Cassette Libre Post;8,20 EUR;+ 16,59 EUR de envío estimado;Vendidos  24 jul 2021Artículo vendido;desde Reino Unido;
20 Cartuchos De Juego Nintendo DS, Bubble Bobble Galaxy, Star Wars Lego, oficial;10,53 EUR;+ 20,15 EUR de envío estimado;Vendidos  2 ago 2021Artículo vendido;desde Reino Unido;
