Dragon Slayer Gaiden: Nemuri no oukan RPG Japón Gameboy GB Juego;30,45 EUR;+ 10,15 EUR de envío;desde Rusia;
Dragon Slayer Gaiden Nemuri no Oukan--Nintendo Game Boy--NTSC JAP--B-Ware;15,87 EUR;+ 0,59 EUR de envío;desde Austria;
Nintendo GameBoy Juego-Dragon Slayer Gaiden: Nemuri no oukan Japón Cartucho;20,29 EUR;Envío internacional gratis;desde Alemania;
Nintendo GameBoy Juego Dragon Slayer Gaiden: Nemuri no oukan Japón Cartucho;23,42 EUR;Envío internacional gratis;desde Alemania;
Nintendo GameBoy game - Dragon Slayer Gaiden: Nemuri no Oukan JAPAN cartridge;22,68 EUR;Envío internacional gratis;desde Alemania;
Nintendo GameBoy - Dragon Slayer Gaiden: Nemuri no Oukan JAPAN cartouche utilisé;26,99 EUR;Envío internacional gratis;desde Alemania;
Nintendo GameBoy - Dragon Slayer Gaiden: Nemuri no Oukan JAPAN cartuccia usato;28,99 EUR;Envío internacional gratis;desde Alemania;
Nintendo GameBoy - Dragon Slayer Gaiden: Nemuri no Oukan JAPAN cartucho usado;28,99 EUR;Envío internacional gratis;desde Alemania;
Gameboy Dragon Slayer Gaiden sin instrucción BCN Nintendo GB;42,30 EUR;+ 14,38 EUR de envío;desde Japón;
Dragon Slayer Gaiden Juego BOY versión japonesa;81,91 EUR;+ 16,92 EUR de envío;desde Japón;
GB Dragon Slayer Gaiden dormir Corona Juego Boy Usado Japón;66,83 EUR;Envío internacional gratis;desde Japón;
Dragon Slayer Gaiden Nemuri no oukan Japón Nintendo Gameboy GB Muy Bueno!;16,92 EUR;+ 9,14 EUR de envío;desde Japón;
Dragon Slayer Gaiden Nemuri no oukan Japón Nintendo Gameboy GB Muy Bueno!;15,06 EUR;+ 6,34 EUR de envío;desde Japón;
Dragon Slayer Gaiden Nemuri no oukan Japón Nintendo Gameboy * Vendedor de EE. UU. *;59,21 EUR;+ 3,55 EUR de envío;desde Estados Unidos;
Bo7285 Dragon Slayer Gaiden Gameboy Game Boy Japan;2,54 EUR;+ 14,37 EUR de envío;desde Japón;
Bo9287 Dragon Slayer Gaiden Gameboy Game Boy Japan;2,94 EUR;+ 14,37 EUR de envío;desde Japón;
Dragon Slayer Gaiden Nemuri no oukan Japón Nintendo Gameboy GB;31,21 EUR;+ 21,15 EUR de envío;desde Japón;
Bo5546 Dragon Slayer Gaiden Gameboy Game Boy Japan;3,45 EUR;+ 14,37 EUR de envío;desde Japón;
GB software Dragon Slayer Gaiden Caja Retro datos guardar Video Game Boy Japan 11952;61,93 EUR;+ 19,46 EUR de envío;desde Japón;
Game Boy GB Dragon Slayer Gaiden Corona de dormir (sólo suave) Boy aceptable #182;38,90 EUR;Envío internacional gratis;desde Japón;
Nintendo Game Boy Epoch Dragon Slayer Gaiden dormir buena capa de corona #1C0F;65,97 EUR;+ 16,88 EUR de envío;desde Japón;
