Nintendo-Game Boy Classic-juego-Urban Strike-nuevo sellado & - rareza;299,99 EUR;+ 75,00 EUR de envío;desde Alemania;
Urban Strike Nintendo Game Boy Muy Buen Estado;8,46 EUR;+ 3,77 EUR de envío;desde Estados Unidos;
Urban Strike la secuela huelga de la selva (Nintendo Gameboy) Juego Boy;6,56 EUR;Envío gratis;desde Estados Unidos;
Urban Strike Nintendo Game Boy probado y funciona solo carro;8,45 EUR;+ 3,77 EUR de envío;desde Estados Unidos;
Urban Strike Nintendo Game Boy Cartrage sólo buenas condiciones;8,45 EUR;+ 3,77 EUR de envío;desde Estados Unidos;
Urban Strike-Nintendo Game Boy;21,97 EUR;+ 3,34 EUR de envío;desde Estados Unidos;
Urban Strike-Nintendo Game Boy Video Juego-solo carro;8,42 EUR;+ 2,50 EUR de envío;desde Estados Unidos;
Urban Strike Nintendo Gameboy limpio probado Auténtico Original;9,64 EUR;+ 3,77 EUR de envío;desde Estados Unidos;
Nintendo Game Boy Urban Strike guía de folleto de instrucciones Manual Solamente;10,14 EUR;Envío gratis;desde Estados Unidos;
Urban Strike-SNES-Super Nintendo Game-módulo PAL;10,00 EUR;+ 8,00 EUR de envío;desde Alemania;
Urban Strike Sega Mega Drive juego GRATIS UK FRANQUEO;19,88 EUR;+ 16,78 EUR de envío estimado;desde Reino Unido;
Sega Mega Drive Juego-Urban Strike falta el manual Raro;16,38 EUR;+ 20,46 EUR de envío estimado;desde Reino Unido;
Sega Mega Drive Urban Strike pal OVP módulo Video Game;20,00 EUR;+ 20,00 EUR de envío;desde Alemania;
Urban Strike Sega juego de Mega Drive;18,12 EUR;+ 25,74 EUR de envío;desde Reino Unido;
Sega Megadrive juego Urban Strike Con Manual.;24,28 EUR;+ 20,96 EUR de envío estimado;desde Reino Unido;
