Gb Adventures of Lolo (completo) (bien) Nintendo Game Boy;146,90 EUR;+ 13,90 EUR de envío;desde Alemania;
Adventures of Lolo | Nintendo Gameboy | PAL | Game Boy;93,29 EUR;+ 5,84 EUR de envío;desde Portugal;
Adventures of Lolo Nintendo GAME BOY USATO;15,00 EUR;+ 25,00 EUR de envío;desde Italia;
Adventures of Lolo por Hal Laboratory Inc. NINTENDO GAMEBOY Nuevo Sellado De Fábrica;423,74 EUR;+ 16,87 EUR de envío;
Adventures of Lolo Nintendo Game Boy Gameboy GB;149,95 EUR;+ 14,00 EUR de envío;desde Países Bajos;
Gameboy Color Nintendo Adventures of Lolo solo módulo alemán;14,99 EUR;+ 7,10 EUR de envío;desde Alemania;
Adventures of Lolo 3 SCN - Nintendo NES;127,46 EUR;+ 12,95 EUR de envío;desde Países Bajos;
Adventures of Lolo 2 - Nintendo NES;79,16 EUR;+ 12,95 EUR de envío;desde Países Bajos;
Nuevo anuncioNEAR MINT  ! Adventures of Lolo 2    - PAL B FRA - Nintendo NES;150,00 EUR;+ 18,90 EUR de envío;desde Francia;
Adventures of Lolo 2 * Nintendo NES Cartridge * PAL-B;31,50 EUR;+ 20,00 EUR de envío;desde Países Bajos;
