Vintage 1991 NINTENDO GAME BOY COMPACT Video Juego Sistema Robocop Pal En Caja;58,49 EUR;+ 14,03 EUR de envío;Vendidos  16 sep 2021Artículo vendido;desde Reino Unido;
Nintendo GAME BOY - Robocop - GAME ONLY;10,00 EUR;+ 11,00 EUR de envío;Vendidos  1 sep 2021Artículo vendido;desde Países Bajos;
Robocop GAMEBOY MEGA RARO CIB COLECCIONISTAS DE MENTA #0064;116,95 EUR;+ 27,36 EUR de envío estimado;Vendidos  26 ago 2021Artículo vendido;desde Reino Unido;
Robocop (étiquette reprint mais jeu original) Jeu Nintendo Game Boy PAL ;3,00 EUR;+ 4,00 EUR de envío;Vendidos  25 ago 2021Artículo vendido;desde Francia;
Robocop. Nintendo Gameboy Genuino De Colección Cartucho PAL UK;15,20 EUR;+ 19,04 EUR de envío estimado;Vendidos  24 ago 2021Artículo vendido;desde Reino Unido;
Robocop Nintendo Game Boy Color Advance Juego Solo Carro Genuino;22,17 EUR;+ 7,02 EUR de envío;Vendidos  19 ago 2021Artículo vendido;desde Reino Unido;
Robocop Game Boy FAH ;15,00 EUR;Envío internacional gratis;Vendidos  12 ago 2021Artículo vendido;desde Francia;
Nintendo Gameboy Robocop solo carro;15,20 EUR;+ 16,70 EUR de envío estimado;Vendidos  18 jul 2021Artículo vendido;desde Reino Unido;
Robocop Nintendo Gameboy Juego-en Caja-Sin Manual;23,39 EUR;+ 31,58 EUR de envío estimado;Vendidos  11 jul 2021Artículo vendido;desde Reino Unido;
Robocop Nintendo Gameboy;11,69 EUR;+ 16,64 EUR de envío estimado;Vendidos  1 jul 2021Artículo vendido;desde Reino Unido;
Robocop-Nintendo Gameboy-PAL-COMPLETO;52,64 EUR;+ 17,38 EUR de envío estimado;Vendidos  27 jun 2021Artículo vendido;desde Reino Unido;
Robocop-Nintendo Game Boy (solo Cartucho);10,47 EUR;+ 4,68 EUR de envío;Vendidos  25 jun 2021Artículo vendido;desde Reino Unido;
Robocop NINTENDO GB GAME BOY Original Solo Manual De Instrucciones;4,87 EUR;Envío gratis;Vendidos  15 sep 2021Artículo vendido;desde Estados Unidos;
Robocop, (GameBoy Original);28,76 EUR;Envío gratis;Vendidos  10 sep 2021Artículo vendido;desde Estados Unidos;
Robocop 2 Original Nintendo Gameboy Juego Cartucho Solo;14,14 EUR;Envío gratis;Vendidos  9 sep 2021Artículo vendido;desde Estados Unidos;
Robocop vs el terminador Nintendo Game Boy NRMT COND Carro Auténtico Original;28,76 EUR;Envío gratis;Vendidos  9 sep 2021Artículo vendido;desde Estados Unidos;
Robocop para Nintendo Game Boy;15,22 EUR;+ 3,77 EUR de envío;Vendidos  9 sep 2021Artículo vendido;desde Estados Unidos;
Robocop (Nintendo Game Boy) Japón video juego de NTSC-J Probado;15,56 EUR;+ 4,23 EUR de envío;Vendidos  4 sep 2021Artículo vendido;desde Estados Unidos;
Robocop (Nintendo Game Boy, 1990) Auténtico Cartucho sólo probado y funciona;16,92 EUR;Envío gratis;Vendidos  3 sep 2021Artículo vendido;desde Estados Unidos;
Robocop 2 GB manual de instrucciones;8,46 EUR;+ 2,54 EUR de envío;Vendidos  26 ago 2021Artículo vendido;desde Estados Unidos;
Robocop (Nintendo Game Boy, 1990) Raro | probado | auténtico | GB | GameBoy;16,88 EUR;Envío gratis;Vendidos  23 ago 2021Artículo vendido;desde Estados Unidos;
Gameboy Robocop vs Terminator Probado!!!!!! auténtico!!!;25,38 EUR;Envío gratis;Vendidos  22 ago 2021Artículo vendido;desde Estados Unidos;
Robocop para Nintendo Game Boy;16,92 EUR;Envío gratis;Vendidos  11 ago 2021Artículo vendido;desde Estados Unidos;
Nintendo Game Boy Cartucho sólo probado Robocop 1990 Etiqueta agradable;16,91 EUR;Envío gratis;Vendidos  9 ago 2021Artículo vendido;desde Estados Unidos;
Robocop para Nintendo Game Boy;12,68 EUR;+ 4,15 EUR de envío;Vendidos  1 ago 2021Artículo vendido;desde Estados Unidos;
Nintendo Game Boy Robocop solo carro Probado;16,07 EUR;Envío gratis;Vendidos  1 ago 2021Artículo vendido;desde Estados Unidos;
Nintendo Game Boy Robocop solo carro Probado;11,84 EUR;+ 3,89 EUR de envío;Vendidos  28 jul 2021Artículo vendido;desde Estados Unidos;
Robocop (Nintendo Game Boy, 1990) sólo juego auténtico F4 Probado Funciona;12,68 EUR;+ 3,55 EUR de envío;Vendidos  25 jul 2021Artículo vendido;desde Estados Unidos;
Nintendo Gameboy "Robocop vs Terminator" - auténtica y probado;15,23 EUR;+ 1,69 EUR de envío;Vendidos  13 jul 2021Artículo vendido;desde Estados Unidos;
Robocop para Nintendo Game Boy ** ** solo Cartucho;13,53 EUR;+ 3,51 EUR de envío;Vendidos  13 jul 2021Artículo vendido;desde Estados Unidos;
Se envía el mismo día Robocop 2 (Nintendo Game Boy) GB Gameboy Probado;21,14 EUR;Envío gratis;Vendidos  12 jul 2021Artículo vendido;desde Estados Unidos;
Robocop Nintendo Game Boy Solo Manual;8,42 EUR;+ 3,34 EUR de envío;Vendidos  12 jul 2021Artículo vendido;desde Estados Unidos;
Robocop (Nintendo Game Boy, 1990) sólo juego auténtico Probado Funciona;14,38 EUR;+ 3,51 EUR de envío;Vendidos  3 jul 2021Artículo vendido;desde Estados Unidos;
Robocop (Nintendo Game Boy, 1990);13,53 EUR;+ 3,51 EUR de envío;Vendidos  3 jul 2021Artículo vendido;desde Estados Unidos;
Robocop (Nintendo Game Boy, 1990) incluye Manual Y Caja;16,91 EUR;+ 3,60 EUR de envío;Vendidos  27 jun 2021Artículo vendido;desde Estados Unidos;
Robocop Original Nintendo Gameboy Juego Cartucho Solo;14,46 EUR;Envío gratis;Vendidos  24 jun 2021Artículo vendido;desde Estados Unidos;
Robo Cop Nintendo Gameboy Game Boy Cartucho completo en caja Rare! Robocop;109,15 EUR;+ 6,77 EUR de envío;Vendidos  24 jun 2021Artículo vendido;desde Estados Unidos;
Robocop-Nintendo Game Boy;14,38 EUR;+ 4,15 EUR de envío;Vendidos  23 jun 2021Artículo vendido;desde Estados Unidos;
Robocop 2 GB Nintendo Game Boy GAMEBOY JAPAN IMPORT COMPLETO look algo Usado;84,60 EUR;+ 16,08 EUR de envío;Vendidos  22 jun 2021Artículo vendido;desde Japón;
Robocop (Nintendo Game Boy, 1990);16,91 EUR;Envío gratis;Vendidos  22 jun 2021Artículo vendido;desde Estados Unidos;
Robocop Nintendo Game Boy auténtico Cartucho sólo probado;16,08 EUR;Envío gratis;Vendidos  19 jun 2021Artículo vendido;desde Estados Unidos;
Robocop vs Terminator Mega Drive Megadrive De Trabajo Manual Caja De Cartucho De Juego;35,10 EUR;+ 17,06 EUR de envío estimado;Vendidos  31 jul 2021Artículo vendido;desde Reino Unido;
