Battle Bull NINTENDO Game Boy pal USA;15,00 EUR;Envío gratis;
- Battle Bull Game Boy (Advance, color, SP) - aceptable -;29,99 EUR;+ 10,00 EUR de envío;desde Alemania;
Nintendo Gameboy juego módulo Battle Bull g63 EE. UU.;21,00 EUR;+ 6,60 EUR de envío;desde Alemania;
Nintendo GameBoy game - Battle Bull JAPAN cartridge;23,03 EUR;Envío gratis;desde Alemania;
Nintendo GameBoy jeu - Battle Bull JAPAN cartouche utilisé;26,99 EUR;Envío gratis;desde Alemania;
Nintendo GameBoy juego - Battle Bull JAPAN cartucho usado;28,99 EUR;Envío gratis;desde Alemania;
Nintendo GameBoy gioco - Battle Bull JAPAN cartuccia usato;28,99 EUR;Envío gratis;desde Alemania;
Nintendo Gameboy juego-Battle Bull jap módulo;19,99 EUR;+ 4,99 EUR de envío;desde Alemania;
Battle Bull Nintendo Game Boy GB Original Game Cartridge Only;20,49 EUR;Envío no especificado;desde Canadá;
Battle Bull Nintendo Gameboy Japonés Original Cartucho De Juego DMG-BRA;17,50 EUR;+ 11,65 EUR de envío estimado;desde Reino Unido;
