Nintendo Gameboy-Monster Truck Wars-Embalaje original-nuevo-Wata VGA AFA Ready;799,90 EUR;Envío no especificado;desde Alemania;
Monster Truck Nintendo Gameboy Japonés Original Cartucho De Juego DMG-MTA;23,39 EUR;+ 16,85 EUR de envío estimado;desde Reino Unido;
Monster Trucks/Quad Desierto Furia Doble Pack Nintendo Game Boy Advance GBA PAL;11,69 EUR;+ 20,73 EUR de envío estimado;desde Reino Unido;
Monster Truck + Quad: Desierto Furia Nintendo GameBoy Advance doble juego 2in1 ukv;7,01 EUR;+ 16,54 EUR de envío estimado;desde Reino Unido;
Nintendo Gameboy Advance-Monster Trucks Mayhem;9,30 EUR;+ 16,59 EUR de envío estimado;desde Reino Unido;
Nintendo Game Boy Advance-Monster Trucks en Caja Buen Estado;11,69 EUR;+ 20,38 EUR de envío estimado;desde Reino Unido;
3 NINTENDO GAMEBOY ADVANCE Juegos Shrek 2 Monster Truck Cuádruple KIM POSSIBLE MONKEY;15,20 EUR;+ 16,70 EUR de envío estimado;desde Reino Unido;
2 Games en 1: Monster Trucks + quad Desert fury (Nintendo Game Boy Advance 2006);8,99 EUR;+ 7,00 EUR de envío;desde Alemania;
Nintendo Game Boy Advance GBA - Monster Truck Madness - PAL - EUR;4,99 EUR;+ 5,00 EUR de envío;desde Francia;
2 Games en 1: Monster Trucks & quad Desert fury (Nintendo Game Boy Advance);4,99 EUR;+ 5,59 EUR de envío;desde Alemania;
Nintendo Gameboy juego-Monster Truck Wars (módulo);12,99 EUR;+ 67,99 EUR de envío;desde Alemania;
Nintendo Gameboy Advance juego - 2in1 Monster Trucks & quad Desert fury (módulo);9,99 EUR;+ 67,99 EUR de envío;desde Alemania;
Gameboy Advance Monster Trucks AGB-bmcp-UKV (ver foto);4,39 EUR;+ 16,50 EUR de envío estimado;desde Reino Unido;
Monster Trucks/Quad furia juego BOY ADVANCE total Gamer GBA looook!!!;15,74 EUR;+ 16,71 EUR de envío estimado;desde Reino Unido;
Gameboy Advance Monster Trucks AGB-bmcp-UKV (ver foto);4,67 EUR;+ 16,51 EUR de envío estimado;desde Reino Unido;
Nintendo GameBoy Advance juego - Monster Truck Madness cartucha con manual usado;15,99 EUR;Envío internacional gratis;desde Alemania;
Nintendo GameBoy juego - Monster Truck JAPAN cartucho usado;28,99 EUR;Envío internacional gratis;desde Alemania;
Nintendo GameBoy juego - Monster Truck Wars cartucha con manual usado;38,99 EUR;Envío internacional gratis;desde Alemania;
Nintendo GameBoy Advance - Monster Truck Madness en el embalaje usado COMO NUEVO;24,99 EUR;Envío internacional gratis;desde Alemania;
Gb-Monster Truck Wars para Nintendo GameBoy;9,95 EUR;+ 9,95 EUR de envío;desde Alemania;
Nintendo Game Boy Advance Monster Truck Madness Alemana Thq Microsoft 3D Racing;7,90 EUR;+ 5,00 EUR de envío;desde Alemania;
jeu Nintendo Game Boy Advance gba   Monster Truck Madness ;14,99 EUR;Envío no especificado;desde Francia;
Gameboy Advance GBA juego Double Game Monster Trucks y quad Desert fury Top;4,49 EUR;Envío no especificado;desde Alemania;
Double Game, Monster Trucks + quad (Nintendo Gameboy Advance) GBA OVP;12,99 EUR;Envío no especificado;desde Alemania;
Juego Game Boy Advance 108 En 1 - Shadow Warrior+Monster Truck Wars+Topgun+The A;6,00 EUR;Envío no especificado;desde España;
Monster Truck Wars para Gameboy y color y Advance;7,95 EUR;Envío no especificado;desde Alemania;
Gameboy | Monster Truck Wars | Nintendo | 1994 | usado | probado;7,50 EUR;Envío no especificado;desde Alemania;
