Tarzan pour Game Boy Color très bon état fonctionnel ;7,00 EUR;+ 5,50 EUR de envío;desde Francia;
Disney Tarzan Nintendo Game Boy Color Complet Version Française FRA;26,99 EUR;+ 12,95 EUR de envío;desde Francia;
Nintendo Game Boy Color Disney Tarzan FRA Très Bon état #2;4,90 EUR;+ 11,98 EUR de envío;desde Francia;
Nintendo Game Boy Color Disney Tarzan FRA Très Bon état;4,90 EUR;+ 11,98 EUR de envío;desde Francia;
Tarzan - Nintendo Game Boy Color - FRA;4,90 EUR;+ 5,90 EUR de envío;desde Francia;
Disneys Tarzan Nintendo Gameboy Colour Original Cartucho De Juego-con Estuche;7,02 EUR;+ 18,33 EUR de envío estimado;desde Reino Unido;
Paquete De Acción 2 electrón Tarzan Chico Q-Bix Diamante Pete 2 Video's Revenge * ver DEA;19,88 EUR;+ 17,94 EUR de envío estimado;desde Reino Unido;
GBC Game Boy Color Disney Tarzan PAL EUR ORIGINAL Gameboy Genuine;9,95 EUR;+ 2,50 EUR de envío;desde España;
Tarzan Lord Of The Jungle - Nintendo Game Boy ;7,90 EUR;+ 5,50 EUR de envío;desde Francia;
Acorn Electrón-Tarzan Boy por alligata;15,20 EUR;+ 2,93 EUR de envío;desde Reino Unido;
Tarzan disney Nintendo Game Boy Advance videogioco funzionante gioco ;9,99 EUR;+ 18,00 EUR de envío;desde Italia;
Tarzan lord videogioco per Nintendo Game Boy Classic funzionante cartuccia ;7,99 EUR;+ 18,00 EUR de envío;desde Italia;
Jeu Game Boy Color Tarzan Bon État;5,00 EUR;+ 2,60 EUR de envío;desde Francia;
