Nintendo Game Boy Choplifter II FAH Très Bon état #1;19,90 EUR;+ 11,98 EUR de envío;Vendidos  30 ago 2021Artículo vendido;desde Francia;
Nintendo GAME BOY Choplifter II JAP COMPLETO condición Coleccionable Inc Protector;140,55 EUR;+ 23,73 EUR de envío estimado;Vendidos  9 ago 2021Artículo vendido;desde Reino Unido;
Choplifter II (2) Game Boy FAH ;15,00 EUR;Envío internacional gratis;Vendidos  27 jul 2021Artículo vendido;desde Francia;
Choplifter II 2 juego módulo Nintendo Gameboy Classic-muy buen estado 2;20,99 EUR;Envío no especificado;Vendidos  27 jun 2021Artículo vendido;desde Alemania;
Choplifter II Nintendo Game Boy GB;12,69 EUR;Envío gratis;Vendidos  14 sep 2021Artículo vendido;desde Estados Unidos;
Choplifter II 2 rescate sobrevivir NINTENDO GAMEBOY Juego Probado Original +! Funcionando!;10,49 EUR;+ 4,14 EUR de envío;Vendidos  13 sep 2021Artículo vendido;desde Estados Unidos;
Choplifter II 2 rescate sobrevivir (Nintendo GameBoy, 1991) Auténtico Gb juego probado;16,03 EUR;+ 3,55 EUR de envío;Vendidos  10 sep 2021Artículo vendido;desde Estados Unidos;
Pre-owned Choplifter II 2 rescate sobrevivir Nintendo Gameboy Envío rápido;16,91 EUR;Envío gratis;Vendidos  6 ago 2021Artículo vendido;desde Estados Unidos;
Lote de 4 Juegos Nintendo Game Boy Tetris Tecmo Bowl Voleibol Choplifter II;21,12 EUR;+ 4,40 EUR de envío;Vendidos  27 jul 2021Artículo vendido;desde Estados Unidos;
Nintendo Game Boy. Choplifter II CIB.;91,46 EUR;+ 21,70 EUR de envío;Vendidos  25 jul 2021Artículo vendido;desde Australia;
Choplifter II Game Boy auténtico EE. UU. versión Cartucho sólo Mismo Día Envío Gratis;20,12 EUR;Envío gratis;Vendidos  4 jul 2021Artículo vendido;desde Estados Unidos;
Choplifter II 2 rescate sobrevivir (Nintendo GameBoy, 1991) Auténtico Gb juego probado;13,96 EUR;+ 3,47 EUR de envío;Vendidos  27 jun 2021Artículo vendido;desde Estados Unidos;
Choplifter II 2 Nintendo Game Boy Juego solamente-Ships FREE US Seller-Probado;12,69 EUR;Envío gratis;Vendidos  20 jun 2021Artículo vendido;desde Estados Unidos;
