James Bond Jr Super Nintendo SNES Original Juego CARTUCHO solo NTSC-Reino Unido Stock;15,80 EUR;+26,33 EUR de env칤o;desde Reino Unido;
James Bond Jr Coche Deportivo Rojo + Caja + Junior mand칤bulas + ODD FIGURAS de trabajo 3;66,68 EUR;+ 36,69 EUR de env칤o estimado;desde Reino Unido;
James Bond Jr. Famiclone Famicom Dendy Pegasus NES viejo chip 8-Bit Cartucho De Juego;101,52 EUR;+14,38 EUR de env칤o;desde Rusia;
Nintendo NES Juego en Caja-James Bond Jr;40,89 EUR;+ 17,16 EUR de env칤o estimado;desde Reino Unido;
James Bond Jr Nintendo NES Cartucho de juego solamente! 游눤;19,83 EUR;+ 16,78 EUR de env칤o estimado;desde Reino Unido;
Nintendo NES Juego-James Bond Jr;22,17 EUR;+ 16,83 EUR de env칤o estimado;desde Reino Unido;
Vintage James Bond Jr Junior Hasbro 1991 Acci칩n Figura Set;40,94 EUR;+ 22,43 EUR de env칤o estimado;desde Reino Unido;
James Bond Jr Junior | SNES SUPER NINTENDO | Cartucho s칩lo | Probado;14,03 EUR;+ 16,67 EUR de env칤o estimado;desde Reino Unido;
James Bond Jr coche deportivo. muy Escaso.;46,79 EUR;+ 43,34 EUR de env칤o estimado;desde Reino Unido;
Super Nintendo James Bond Jr. NTSC SNES;89,95 EUR;+32,30 EUR de env칤o;desde Pa칤ses Bajos;
James Bond Jr-versi칩n NTSC-THQ-Super Nintendo juego;13,99 EUR;+8,90 EUR de env칤o;desde Alemania;
James Bond Jr. Ninja Gear (1991) Hasbro Figura De Acci칩n Gratis P + P;4,67 EUR;+ 35,57 EUR de env칤o estimado;desde Reino Unido;
Hasbro James Bond Jr serie Oddjob Figura de Acci칩n 1990 Mac B Pre Propiedad;6,44 EUR;+ 39,70 EUR de env칤o estimado;desde Reino Unido;
Nintendo NES Juego en Caja-James Bond Jr;40,89 EUR;+ 17,16 EUR de env칤o estimado;desde Reino Unido;
James Bond Jr juego para SUPER NINTENDO SNES 1992 (solo carro);11,69 EUR;+ 19,80 EUR de env칤o estimado;desde Reino Unido;
James Bond Jr. FRA - Nintendo NES;80,96 EUR;+19,95 EUR de env칤o;desde Pa칤ses Bajos;
